                  epoch,        train/giou_loss,         train/cls_loss,          train/l1_loss,   metrics/precision(B),      metrics/recall(B),       metrics/mAP50(B),    metrics/mAP50-95(B),          val/giou_loss,           val/cls_loss,            val/l1_loss,                 lr/pg0,                 lr/pg1,                 lr/pg2
                      1,                 1.5762,                0.31501,                0.43418,                0.29234,                0.08278,                0.03676,                0.01209,                 1.2328,                0.50458,                0.25378,                 0.0001,                 0.0001,                 0.0001
                      2,                   1.08,                0.58428,                0.19741,                 0.2441,                0.18512,                0.12527,                0.05385,                0.94947,                0.61774,                0.16757,                 0.0001,                 0.0001,                 0.0001
                      3,                 0.9489,                0.61601,                0.15578,                0.30593,                0.23404,                0.17912,                0.07907,                 0.8536,                0.63165,                0.13744,                 0.0001,                 0.0001,                 0.0001
                      4,                0.88844,                 0.6142,                0.13966,                0.35106,                0.28621,                0.23786,                 0.1117,                0.80705,                0.62055,                0.12351,                 0.0001,                 0.0001,                 0.0001
                      5,                0.85397,                 0.6071,                0.12906,                0.37446,                0.30759,                0.26715,                0.12558,                0.77166,                0.61034,                 0.1154,                 0.0001,                 0.0001,                 0.0001
                      6,                0.82567,                0.60114,                0.12138,                0.41303,                0.32379,                0.29835,                0.14338,                0.75081,                 0.6036,                0.11035,                 0.0001,                 0.0001,                 0.0001
                      7,                0.81118,                0.59454,                0.11647,                0.43362,                0.33975,                0.31482,                0.15277,                0.73632,                0.60002,                0.10686,                 0.0001,                 0.0001,                 0.0001
                      8,                0.79022,                0.58909,                0.11179,                0.44844,                0.34763,                0.32887,                0.16092,                0.72827,                0.59621,                0.10508,                 0.0001,                 0.0001,                 0.0001
                      9,                0.77762,                0.58634,                0.10827,                 0.4559,                0.35642,                0.33961,                0.16713,                 0.7211,                0.59368,                0.10335,                 0.0001,                 0.0001,                 0.0001
                     10,                0.76761,                0.58279,                0.10693,                0.47109,                0.36248,                0.34957,                0.17342,                0.71467,                0.59112,                0.10206,                 0.0001,                 0.0001,                 0.0001
                     11,                0.75862,                0.57757,                0.10475,                 0.4857,                0.36656,                0.35781,                0.17908,                0.70865,                0.58789,                0.10078,                 0.0001,                 0.0001,                 0.0001
                     12,                0.75122,                 0.5748,                0.10276,                0.49482,                0.37595,                0.36927,                0.18576,                0.70256,                0.58497,                0.09931,                 0.0001,                 0.0001,                 0.0001
                     13,                0.74493,                 0.5709,                0.10033,                0.51363,                0.38502,                0.38056,                0.19246,                0.69747,                0.58169,                0.09836,                 0.0001,                 0.0001,                 0.0001
                     14,                0.73508,                0.57124,                0.09898,                0.52721,                0.38791,                0.39361,                0.19983,                0.69147,                0.57838,                0.09707,                 0.0001,                 0.0001,                 0.0001
                     15,                 0.7316,                0.56626,                0.09788,                0.54251,                0.39596,                0.40627,                0.20725,                0.68663,                0.57502,                0.09596,                 0.0001,                 0.0001,                 0.0001
                     16,                0.72485,                0.56597,                0.09727,                 0.5575,                 0.4009,                0.41652,                0.21324,                0.68129,                0.57244,                0.09469,                 0.0001,                 0.0001,                 0.0001
                     17,                0.72454,                0.56291,                0.09607,                0.56929,                 0.4076,                0.42715,                0.21903,                0.67673,                0.57006,                 0.0936,                 0.0001,                 0.0001,                 0.0001
                     18,                0.71814,                0.55941,                0.09446,                0.58294,                0.41483,                0.43631,                0.22419,                0.67199,                0.56781,                0.09254,                 0.0001,                 0.0001,                 0.0001
                     19,                0.71464,                0.56059,                0.09375,                0.59154,                0.42066,                 0.4461,                0.22989,                0.66782,                0.56585,                0.09165,                 0.0001,                 0.0001,                 0.0001
                     20,                0.71087,                0.55722,                0.09299,                0.59885,                0.43266,                0.45562,                0.23503,                0.66466,                0.56333,                0.09089,                 0.0001,                 0.0001,                 0.0001
                     21,                0.70509,                0.55843,                0.09268,                0.60153,                0.43387,                0.46026,                0.23801,                0.66169,                0.56139,                0.09038,                 0.0001,                 0.0001,                 0.0001
                     22,                0.70484,                0.55517,                0.09203,                0.60671,                0.44176,                 0.4676,                0.24291,                0.65866,                0.56009,                 0.0897,                 0.0001,                 0.0001,                 0.0001
                     23,                0.70118,                 0.5547,                0.09095,                 0.6081,                0.44703,                0.47323,                0.24625,                0.65627,                0.55804,                0.08934,                 0.0001,                 0.0001,                 0.0001
                     24,                0.69936,                0.55367,                0.09062,                0.61716,                 0.4515,                0.47929,                0.24972,                0.65444,                0.55594,                0.08893,                 0.0001,                 0.0001,                 0.0001
                     25,                0.69749,                0.55194,                0.09051,                0.62198,                0.45297,                0.48328,                0.25237,                0.65178,                0.55457,                 0.0884,                 0.0001,                 0.0001,                 0.0001
                     26,                0.69358,                0.55194,                0.08932,                0.63105,                0.45884,                0.48919,                 0.2559,                0.64944,                0.55378,                0.08803,                 0.0001,                 0.0001,                 0.0001
                     27,                 0.6925,                0.55037,                0.08889,                0.62537,                0.46579,                0.49317,                0.25881,                0.64755,                 0.5523,                0.08765,                 0.0001,                 0.0001,                 0.0001
                     28,                0.68878,                0.54934,                0.08843,                0.63855,                0.46507,                0.49744,                0.26151,                0.64613,                0.55087,                 0.0874,                 0.0001,                 0.0001,                 0.0001
                     29,                0.68698,                0.54809,                0.08815,                0.63297,                0.47443,                 0.5011,                0.26324,                0.64493,                0.54963,                 0.0871,                 0.0001,                 0.0001,                 0.0001
                     30,                 0.6843,                0.54797,                0.08769,                0.64055,                0.47343,                0.50361,                0.26527,                0.64344,                 0.5489,                0.08678,                 0.0001,                 0.0001,                 0.0001
                     31,                0.68301,                0.54659,                0.08704,                0.64381,                0.47452,                0.50711,                0.26708,                0.64233,                0.54767,                0.08666,                 0.0001,                 0.0001,                 0.0001
                     32,                0.68132,                0.54575,                0.08714,                0.64812,                0.47478,                0.51142,                0.26909,                0.64089,                0.54726,                0.08632,                 0.0001,                 0.0001,                 0.0001
                     33,                0.67945,                0.54593,                0.08578,                0.65161,                 0.4775,                0.51453,                0.27129,                0.63964,                0.54617,                0.08617,                 0.0001,                 0.0001,                 0.0001
                     34,                 0.6773,                0.54318,                0.08598,                0.65612,                0.47996,                0.51778,                0.27363,                0.63781,                0.54582,                0.08591,                 0.0001,                 0.0001,                 0.0001
                     35,                0.67894,                0.54275,                0.08565,                 0.6583,                0.48515,                0.52062,                0.27515,                0.63671,                0.54543,                0.08566,                 0.0001,                 0.0001,                 0.0001
                     36,                0.67534,                 0.5432,                 0.0854,                0.66183,                0.48791,                0.52229,                0.27584,                0.63567,                0.54504,                0.08548,                 0.0001,                 0.0001,                 0.0001
                     37,                0.67601,                0.54122,                0.08517,                0.66201,                0.48887,                0.52449,                0.27711,                0.63497,                0.54424,                0.08529,                 0.0001,                 0.0001,                 0.0001
                     38,                0.67427,                0.54134,                0.08486,                0.67022,                0.49201,                0.52782,                0.27853,                0.63384,                0.54359,                0.08525,                 0.0001,                 0.0001,                 0.0001
                     39,                0.67168,                0.54019,                0.08471,                0.66893,                0.49531,                0.53131,                0.28001,                0.63311,                0.54286,                0.08504,                 0.0001,                 0.0001,                 0.0001
                     40,                0.67089,                0.54076,                 0.0845,                0.66929,                0.49357,                0.53193,                0.28069,                0.63189,                0.54242,                0.08466,                 0.0001,                 0.0001,                 0.0001
                     41,                0.67013,                0.53988,                0.08407,                0.66336,                0.50182,                0.53478,                0.28284,                0.63052,                 0.5423,                0.08452,                 0.0001,                 0.0001,                 0.0001
                     42,                0.66865,                0.53949,                0.08321,                0.66783,                0.50081,                0.53659,                0.28426,                0.62945,                0.54201,                0.08423,                 0.0001,                 0.0001,                 0.0001
                     43,                  0.668,                0.53802,                0.08318,                0.66958,                0.50372,                0.53919,                0.28543,                0.62872,                0.54159,                0.08408,                 0.0001,                 0.0001,                 0.0001
                     44,                0.66679,                0.53787,                0.08338,                0.66765,                0.50657,                0.54015,                0.28595,                 0.6279,                0.54149,                0.08395,                 0.0001,                 0.0001,                 0.0001
                     45,                0.66426,                 0.5388,                0.08325,                 0.6714,                0.50932,                0.54303,                0.28689,                0.62734,                 0.5405,                0.08391,                 0.0001,                 0.0001,                 0.0001
                     46,                0.66367,                0.53798,                0.08291,                0.66675,                  0.516,                0.54629,                0.28859,                0.62692,                0.54016,                0.08364,                 0.0001,                 0.0001,                 0.0001
                     47,                0.66115,                 0.5368,                0.08256,                 0.6699,                0.50966,                0.54651,                0.28944,                0.62605,                0.53997,                0.08339,                 0.0001,                 0.0001,                 0.0001
                     48,                0.66111,                0.53538,                0.08218,                0.67432,                0.51156,                0.54978,                0.29159,                0.62511,                0.53954,                0.08324,                 0.0001,                 0.0001,                 0.0001
                     49,                0.65877,                0.53645,                0.08202,                 0.6733,                0.51447,                0.55058,                0.29222,                0.62428,                0.53941,                  0.083,                 0.0001,                 0.0001,                 0.0001
                     50,                0.65972,                0.53527,                0.08227,                0.67552,                0.51391,                0.55142,                0.29222,                 0.6238,                0.53876,                0.08303,                 0.0001,                 0.0001,                 0.0001
                     51,                  0.657,                0.53622,                0.08185,                0.66972,                0.51515,                0.55159,                0.29211,                 0.6234,                0.53841,                0.08294,                 0.0001,                 0.0001,                 0.0001
                     52,                0.65617,                0.53417,                0.08125,                0.67018,                0.51721,                0.55193,                0.29284,                0.62273,                0.53801,                0.08282,                 0.0001,                 0.0001,                 0.0001
                     53,                0.65557,                0.53333,                0.08093,                0.67241,                0.51719,                0.55404,                0.29469,                0.62236,                 0.5377,                0.08263,                 0.0001,                 0.0001,                 0.0001
                     54,                0.65586,                 0.5329,                0.08093,                0.67372,                0.52012,                0.55539,                0.29587,                0.62214,                0.53718,                0.08272,                 0.0001,                 0.0001,                 0.0001
                     55,                 0.6556,                0.53235,                0.08078,                0.67848,                0.51885,                0.55643,                 0.2967,                0.62197,                0.53678,                0.08262,                 0.0001,                 0.0001,                 0.0001
                     56,                0.65406,                0.53207,                0.08075,                0.67927,                0.51595,                0.55504,                0.29663,                0.62137,                0.53659,                0.08253,                 0.0001,                 0.0001,                 0.0001
                     57,                0.65374,                0.53083,                0.08057,                0.67864,                0.51988,                0.55618,                0.29755,                0.62098,                0.53601,                 0.0825,                 0.0001,                 0.0001,                 0.0001
                     58,                0.65092,                0.53107,                0.08029,                0.67606,                0.52197,                0.55838,                 0.2983,                0.62004,                0.53614,                0.08238,                 0.0001,                 0.0001,                 0.0001
                     59,                0.65021,                  0.531,                0.08034,                0.67824,                0.52034,                0.55809,                0.29875,                0.61939,                0.53619,                0.08235,                 0.0001,                 0.0001,                 0.0001
                     60,                0.65117,                0.53031,                0.08053,                0.68528,                0.51798,                0.55679,                0.29825,                0.61911,                0.53617,                0.08228,                 0.0001,                 0.0001,                 0.0001
                     61,                0.64835,                0.53021,                0.08022,                 0.6855,                0.52043,                0.55905,                0.29919,                0.61913,                 0.5358,                0.08227,                 0.0001,                 0.0001,                 0.0001
                     62,                0.64994,                 0.5281,                0.07976,                 0.6866,                0.52046,                0.56008,                0.29972,                0.61879,                 0.5355,                 0.0822,                 0.0001,                 0.0001,                 0.0001
                     63,                0.64866,                0.52901,                0.07872,                0.69483,                0.51964,                0.56307,                0.30131,                0.61843,                0.53521,                0.08217,                 0.0001,                 0.0001,                 0.0001
                     64,                0.64725,                0.52777,                0.07911,                0.69681,                0.52035,                0.56371,                0.30183,                0.61793,                0.53528,                0.08192,                 0.0001,                 0.0001,                 0.0001
                     65,                0.64687,                0.52676,                0.07908,                0.68999,                0.52349,                0.56412,                0.30228,                0.61776,                0.53476,                0.08199,                 0.0001,                 0.0001,                 0.0001
                     66,                0.64495,                0.52884,                0.07956,                0.69072,                0.52588,                0.56511,                0.30353,                0.61674,                0.53499,                0.08188,                 0.0001,                 0.0001,                 0.0001
                     67,                0.64632,                0.52757,                0.07899,                0.68721,                0.53097,                0.56625,                0.30373,                0.61583,                 0.5353,                0.08183,                 0.0001,                 0.0001,                 0.0001
                     68,                0.64488,                0.52696,                0.07871,                0.70057,                0.52523,                0.56706,                0.30438,                0.61547,                0.53503,                 0.0816,                 0.0001,                 0.0001,                 0.0001
                     69,                0.64391,                0.52639,                0.07865,                0.70191,                0.52623,                0.56777,                0.30467,                0.61489,                0.53514,                0.08146,                 0.0001,                 0.0001,                 0.0001
                     70,                0.64439,                0.52624,                0.07839,                0.70048,                0.52661,                0.56941,                0.30573,                0.61491,                0.53483,                0.08144,                 0.0001,                 0.0001,                 0.0001
                     71,                0.64175,                0.52685,                0.07874,                0.69365,                0.53165,                 0.5708,                0.30683,                0.61474,                0.53443,                0.08136,                 0.0001,                 0.0001,                 0.0001
                     72,                0.64222,                0.52596,                 0.0781,                0.69405,                0.53367,                0.57166,                 0.3076,                 0.6144,                0.53389,                0.08133,                 0.0001,                 0.0001,                 0.0001
                     73,                0.64155,                0.52436,                0.07829,                 0.6975,                0.53016,                0.57095,                0.30701,                0.61441,                0.53356,                0.08129,                 0.0001,                 0.0001,                 0.0001
                     74,                0.64103,                0.52546,                0.07795,                0.70001,                 0.5323,                0.57271,                0.30791,                0.61424,                0.53323,                 0.0814,                 0.0001,                 0.0001,                 0.0001
                     75,                0.64213,                0.52432,                0.07764,                0.70438,                0.53295,                 0.5738,                0.30783,                  0.614,                0.53313,                 0.0814,                 0.0001,                 0.0001,                 0.0001
                     76,                0.63969,                0.52589,                0.07729,                0.69653,                  0.534,                0.57336,                0.30822,                0.61347,                  0.533,                0.08111,                 0.0001,                 0.0001,                 0.0001
                     77,                0.63828,                0.52413,                0.07788,                0.69857,                0.53399,                0.57414,                  0.309,                0.61321,                0.53276,                0.08113,                 0.0001,                 0.0001,                 0.0001
                     78,                 0.6388,                 0.5239,                0.07746,                0.69568,                0.53202,                0.57437,                0.30842,                0.61277,                0.53297,                0.08103,                 0.0001,                 0.0001,                 0.0001
                     79,                0.63886,                0.52313,                0.07804,                0.69607,                0.53605,                0.57552,                0.30851,                0.61298,                0.53261,                0.08108,                 0.0001,                 0.0001,                 0.0001
                     80,                0.63799,                0.52319,                0.07728,                0.69824,                0.53277,                0.57481,                0.30856,                0.61274,                0.53296,                0.08101,                 0.0001,                 0.0001,                 0.0001
                     81,                0.63571,                0.52326,                0.07728,                0.69849,                0.53562,                 0.5771,                0.30983,                0.61253,                0.53291,                0.08104,                 0.0001,                 0.0001,                 0.0001
                     82,                0.63753,                0.52166,                0.07743,                0.69956,                0.53397,                0.57683,                0.31059,                0.61226,                0.53246,                0.08108,                 0.0001,                 0.0001,                 0.0001
                     83,                0.63727,                0.52068,                0.07662,                 0.6966,                0.53963,                0.57796,                0.31115,                0.61187,                0.53259,                0.08094,                 0.0001,                 0.0001,                 0.0001
                     84,                0.63504,                 0.5222,                0.07713,                0.69556,                0.53659,                0.57731,                0.31093,                 0.6117,                0.53266,                0.08108,                 0.0001,                 0.0001,                 0.0001
                     85,                0.63619,                0.52175,                0.07688,                0.69679,                0.53541,                0.57828,                0.31159,                0.61164,                0.53226,                 0.0811,                 0.0001,                 0.0001,                 0.0001
                     86,                0.63287,                0.52338,                0.07654,                0.69911,                0.53311,                0.57839,                0.31179,                 0.6111,                0.53216,                0.08111,                 0.0001,                 0.0001,                 0.0001
                     87,                0.63568,                0.51943,                0.07673,                0.70233,                0.52955,                0.57657,                0.31144,                0.61098,                0.53234,                0.08087,                 0.0001,                 0.0001,                 0.0001
                     88,                0.63391,                0.51953,                 0.0761,                0.70381,                0.53136,                0.57906,                 0.3124,                0.61096,                0.53238,                0.08083,                 0.0001,                 0.0001,                 0.0001
                     89,                0.63105,                0.52151,                0.07655,                0.69619,                0.53403,                0.57781,                0.31206,                0.61108,                0.53242,                0.08094,                 0.0001,                 0.0001,                 0.0001
                     90,                0.63204,                0.51911,                 0.0762,                0.69596,                 0.5337,                0.57708,                 0.3112,                0.61134,                0.53193,                0.08093,                 0.0001,                 0.0001,                 0.0001
                     91,                0.63081,                0.51917,                0.07633,                0.69939,                0.53562,                0.57798,                 0.3111,                0.61101,                0.53193,                0.08085,                 0.0001,                 0.0001,                 0.0001
                     92,                0.63026,                0.52017,                0.07596,                0.69795,                0.53931,                0.57999,                0.31212,                0.61108,                0.53205,                 0.0808,                 0.0001,                 0.0001,                 0.0001
                     93,                0.63321,                0.51844,                0.07608,                0.70403,                0.53722,                0.58025,                0.31213,                0.61112,                0.53189,                0.08099,                 0.0001,                 0.0001,                 0.0001
                     94,                0.63052,                0.51945,                0.07576,                0.69858,                0.53569,                 0.5797,                  0.312,                0.61094,                0.53179,                0.08097,                 0.0001,                 0.0001,                 0.0001
                     95,                0.62894,                0.51806,                0.07561,                0.70137,                 0.5362,                0.58054,                0.31267,                0.61076,                0.53182,                0.08086,                 0.0001,                 0.0001,                 0.0001
                     96,                 0.6305,                0.51851,                0.07594,                0.70675,                0.53771,                0.58084,                0.31337,                0.61037,                0.53193,                0.08074,                 0.0001,                 0.0001,                 0.0001
                     97,                0.62896,                0.51763,                 0.0756,                0.70517,                0.53697,                0.58233,                0.31355,                0.61028,                0.53203,                0.08084,                 0.0001,                 0.0001,                 0.0001
                     98,                0.62663,                0.51892,                 0.0754,                0.70578,                 0.5374,                0.58115,                0.31361,                0.61013,                0.53187,                0.08074,                 0.0001,                 0.0001,                 0.0001
                     99,                0.62838,                0.51828,                0.07566,                0.70454,                0.54092,                 0.5828,                0.31353,                0.61019,                0.53152,                0.08082,                 0.0001,                 0.0001,                 0.0001
                    100,                  0.628,                0.51708,                0.07514,                0.70346,                0.54215,                0.58352,                 0.3137,                0.61021,                0.53122,                 0.0808,                 0.0001,                 0.0001,                 0.0001
                    101,                 0.6274,                 0.5171,                0.07482,                0.70132,                0.54053,                0.58313,                0.31355,                0.61039,                0.53108,                0.08085,                 0.0001,                 0.0001,                 0.0001
                    102,                0.62754,                 0.5171,                0.07538,                0.70225,                0.53824,                0.58294,                0.31383,                0.61012,                0.53118,                0.08086,                 0.0001,                 0.0001,                 0.0001
                    103,                0.62772,                0.51516,                0.07566,                0.70601,                 0.5399,                 0.5837,                0.31423,                0.61005,                0.53079,                0.08082,                 0.0001,                 0.0001,                 0.0001
                    104,                0.62651,                0.51571,                 0.0753,                 0.7063,                0.53865,                0.58396,                0.31457,                 0.6096,                0.53064,                0.08076,                 0.0001,                 0.0001,                 0.0001
                    105,                0.62542,                0.51646,                0.07469,                0.70352,                0.54143,                0.58449,                0.31464,                0.60952,                0.53088,                0.08086,                 0.0001,                 0.0001,                 0.0001
                    106,                0.62424,                0.51602,                0.07436,                0.71131,                0.53798,                0.58486,                0.31505,                0.60917,                0.53087,                0.08072,                 0.0001,                 0.0001,                 0.0001
                    107,                0.62527,                0.51794,                0.07437,                0.71218,                0.53789,                0.58434,                0.31528,                0.60864,                0.53151,                0.08055,                 0.0001,                 0.0001,                 0.0001
                    108,                0.62561,                 0.5146,                0.07419,                0.71163,                0.53881,                 0.5848,                0.31585,                0.60873,                0.53165,                0.08066,                 0.0001,                 0.0001,                 0.0001
                    109,                0.62162,                0.51598,                0.07484,                0.70463,                0.54247,                 0.5847,                0.31604,                 0.6085,                0.53179,                0.08069,                 0.0001,                 0.0001,                 0.0001
                    110,                0.62451,                0.51512,                0.07412,                0.70397,                0.54239,                0.58512,                0.31643,                 0.6085,                0.53155,                0.08081,                 0.0001,                 0.0001,                 0.0001
                    111,                0.62239,                0.51519,                 0.0746,                0.70694,                0.54312,                0.58614,                0.31678,                0.60815,                0.53162,                0.08079,                 0.0001,                 0.0001,                 0.0001
                    112,                0.62155,                0.51367,                0.07432,                0.70321,                0.54229,                0.58543,                0.31652,                 0.6086,                0.53105,                0.08085,                 0.0001,                 0.0001,                 0.0001
                    113,                0.62297,                 0.5135,                0.07428,                0.70659,                0.53884,                0.58467,                0.31607,                0.60817,                0.53125,                0.08067,                 0.0001,                 0.0001,                 0.0001
                    114,                0.62332,                0.51247,                0.07445,                0.71125,                0.54079,                0.58513,                 0.3161,                0.60796,                0.53129,                0.08068,                 0.0001,                 0.0001,                 0.0001
                    115,                0.62252,                0.51423,                 0.0743,                0.70863,                0.54339,                0.58681,                0.31597,                0.60788,                0.53156,                0.08072,                 0.0001,                 0.0001,                 0.0001
                    116,                0.62263,                0.51191,                0.07416,                0.69952,                0.54802,                0.58776,                0.31686,                0.60814,                0.53111,                 0.0808,                 0.0001,                 0.0001,                 0.0001
                    117,                0.62285,                0.51065,                0.07372,                 0.7002,                0.54784,                0.58724,                0.31696,                0.60853,                0.53041,                0.08088,                 0.0001,                 0.0001,                 0.0001
                    118,                0.62097,                0.51179,                0.07409,                0.69735,                0.55148,                0.58718,                0.31726,                0.60789,                0.53095,                0.08067,                 0.0001,                 0.0001,                 0.0001
                    119,                0.62144,                0.51233,                0.07353,                0.69731,                0.54965,                0.58692,                0.31752,                0.60776,                0.53132,                0.08055,                 0.0001,                 0.0001,                 0.0001
                    120,                0.61985,                0.51059,                0.07381,                0.69396,                0.55373,                0.58825,                0.31884,                 0.6077,                0.53104,                0.08069,                 0.0001,                 0.0001,                 0.0001
                    121,                0.61973,                0.51192,                 0.0738,                 0.6949,                  0.556,                0.58921,                0.31816,                0.60764,                 0.5308,                0.08065,                 0.0001,                 0.0001,                 0.0001
                    122,                0.61974,                0.51181,                 0.0735,                0.70142,                 0.5505,                0.58865,                 0.3183,                0.60758,                0.53067,                0.08069,                 0.0001,                 0.0001,                 0.0001
                    123,                0.61911,                0.50982,                 0.0738,                0.70758,                0.54861,                0.58836,                0.31856,                0.60823,                0.53011,                0.08087,                 0.0001,                 0.0001,                 0.0001
                    124,                0.61871,                0.51134,                0.07377,                0.70853,                 0.5452,                0.58768,                0.31811,                0.60811,                0.53032,                0.08089,                 0.0001,                 0.0001,                 0.0001
                    125,                0.61944,                0.50955,                0.07292,                  0.706,                0.54816,                0.58888,                0.31858,                0.60783,                 0.5305,                0.08071,                 0.0001,                 0.0001,                 0.0001
                    126,                0.61793,                0.51052,                0.07309,                0.70984,                0.54873,                0.58867,                0.31834,                0.60755,                0.53071,                 0.0806,                 0.0001,                 0.0001,                 0.0001
                    127,                0.61829,                0.50976,                0.07316,                0.70482,                0.54988,                0.58769,                0.31772,                0.60778,                 0.5308,                0.08073,                 0.0001,                 0.0001,                 0.0001
                    128,                0.61804,                0.51007,                 0.0726,                0.70128,                0.55155,                0.58796,                0.31782,                0.60763,                0.53084,                0.08062,                 0.0001,                 0.0001,                 0.0001
                    129,                0.61627,                0.51102,                0.07312,                0.70439,                0.54965,                0.58752,                0.31732,                0.60756,                0.53099,                0.08051,                 0.0001,                 0.0001,                 0.0001
                    130,                0.61566,                0.50923,                0.07254,                 0.7075,                0.55106,                0.58988,                0.31867,                0.60777,                0.53039,                0.08053,                 0.0001,                 0.0001,                 0.0001
                    131,                0.61725,                0.50841,                0.07311,                0.70975,                 0.5507,                0.58901,                0.31832,                0.60784,                0.53002,                0.08054,                 0.0001,                 0.0001,                 0.0001
                    132,                0.61715,                0.50819,                0.07246,                0.70624,                0.55167,                0.58819,                0.31786,                0.60739,                0.53048,                0.08039,                 0.0001,                 0.0001,                 0.0001
                    133,                0.61429,                0.50841,                  0.073,                0.70615,                0.55111,                0.58858,                0.31821,                0.60733,                0.53034,                0.08066,                 0.0001,                 0.0001,                 0.0001
                    134,                0.61594,                0.50861,                0.07273,                0.71588,                0.54796,                0.58947,                0.31812,                0.60711,                0.53081,                0.08075,                 0.0001,                 0.0001,                 0.0001
                    135,                0.61512,                0.50679,                0.07248,                0.71255,                0.55114,                0.58985,                0.31852,                0.60703,                0.53093,                0.08067,                 0.0001,                 0.0001,                 0.0001
                    136,                0.61468,                  0.508,                 0.0717,                0.70951,                0.55225,                0.59079,                0.31916,                 0.6071,                0.53126,                0.08062,                 0.0001,                 0.0001,                 0.0001
                    137,                0.61377,                0.50892,                0.07213,                0.70771,                0.54931,                0.58905,                 0.3183,                0.60702,                0.53138,                0.08049,                 0.0001,                 0.0001,                 0.0001
                    138,                0.61388,                0.50766,                0.07206,                0.70609,                0.55054,                0.58959,                0.31892,                0.60686,                0.53137,                0.08042,                 0.0001,                 0.0001,                 0.0001
                    139,                0.61472,                0.50771,                0.07251,                0.70566,                0.55324,                0.58935,                0.31881,                0.60703,                0.53094,                0.08062,                 0.0001,                 0.0001,                 0.0001
                    140,                 0.6119,                0.50824,                 0.0721,                0.70795,                0.55236,                0.58972,                 0.3192,                0.60705,                0.53108,                0.08052,                 0.0001,                 0.0001,                 0.0001
                    141,                 0.6116,                0.50738,                0.07183,                0.70838,                0.55261,                0.59049,                0.31956,                0.60719,                0.53142,                 0.0809,                 0.0001,                 0.0001,                 0.0001
                    142,                0.61289,                0.50636,                0.07146,                0.71004,                0.55026,                0.59007,                0.31956,                0.60718,                 0.5313,                0.08081,                 0.0001,                 0.0001,                 0.0001
                    143,                0.61335,                0.50682,                0.07233,                0.70982,                0.54936,                0.58936,                0.31886,                0.60715,                0.53129,                0.08064,                 0.0001,                 0.0001,                 0.0001
                    144,                0.61225,                0.50573,                0.07227,                0.70903,                0.55208,                 0.5896,                0.31916,                0.60732,                0.53138,                 0.0807,                 0.0001,                 0.0001,                 0.0001
                    145,                0.61093,                0.50602,                0.07192,                0.70427,                0.55498,                0.59011,                0.31963,                 0.6071,                0.53151,                0.08064,                 0.0001,                 0.0001,                 0.0001
                    146,                0.61093,                0.50624,                0.07152,                0.70317,                 0.5534,                0.58928,                0.31927,                0.60689,                0.53167,                0.08056,                 0.0001,                 0.0001,                 0.0001
                    147,                0.60848,                 0.5053,                0.07161,                 0.7115,                0.54992,                0.58956,                0.31934,                0.60703,                0.53145,                0.08051,                 0.0001,                 0.0001,                 0.0001
                    148,                0.61101,                0.50497,                0.07171,                0.70898,                0.54827,                0.58964,                0.31949,                0.60684,                0.53215,                0.08043,                 0.0001,                 0.0001,                 0.0001
                    149,                0.60914,                0.50526,                0.07169,                0.71021,                0.54839,                0.58795,                0.31888,                0.60662,                0.53269,                0.08037,                 0.0001,                 0.0001,                 0.0001
                    150,                0.61129,                0.50408,                0.07111,                0.70603,                0.55099,                0.58847,                0.31869,                0.60649,                0.53257,                 0.0803,                 0.0001,                 0.0001,                 0.0001
                    151,                0.60854,                0.50392,                0.07133,                0.70757,                0.55374,                0.58988,                0.31926,                0.60656,                0.53275,                0.08027,                 0.0001,                 0.0001,                 0.0001
                    152,                0.60899,                0.50504,                0.07115,                0.71044,                0.54929,                0.59032,                0.31951,                0.60654,                0.53238,                0.08035,                 0.0001,                 0.0001,                 0.0001
                    153,                0.60936,                0.50289,                0.07123,                0.71131,                0.55192,                0.59141,                0.32009,                 0.6063,                0.53248,                0.08029,                 0.0001,                 0.0001,                 0.0001
                    154,                 0.6066,                0.50302,                0.07107,                0.70837,                0.55056,                0.58988,                0.31913,                0.60674,                0.53236,                0.08038,                 0.0001,                 0.0001,                 0.0001
                    155,                0.60773,                0.50391,                0.07101,                0.71159,                0.55055,                0.59072,                0.31945,                0.60708,                0.53199,                0.08051,                 0.0001,                 0.0001,                 0.0001
                    156,                0.60785,                0.50267,                0.07132,                  0.711,                0.55392,                0.59023,                0.31904,                0.60713,                0.53195,                0.08055,                 0.0001,                 0.0001,                 0.0001
                    157,                0.60786,                0.50267,                0.07123,                0.71007,                0.55406,                0.59022,                0.31848,                0.60711,                0.53204,                0.08052,                 0.0001,                 0.0001,                 0.0001
                    158,                0.60614,                0.50365,                0.07081,                0.71287,                0.55083,                0.58938,                0.31834,                0.60695,                0.53259,                0.08046,                 0.0001,                 0.0001,                 0.0001
                    159,                0.60763,                 0.5025,                0.07109,                0.71858,                0.54909,                0.59124,                0.31967,                0.60677,                 0.5328,                0.08022,                 0.0001,                 0.0001,                 0.0001
                    160,                0.60527,                0.50251,                0.07087,                0.71495,                0.55056,                 0.5901,                0.31928,                0.60662,                0.53287,                0.08014,                 0.0001,                 0.0001,                 0.0001
                    161,                0.60614,                0.50214,                0.07071,                0.71378,                0.55178,                0.59076,                0.32017,                0.60673,                0.53264,                0.08034,                 0.0001,                 0.0001,                 0.0001
                    162,                0.60488,                0.50195,                0.07064,                0.71136,                0.55273,                0.59053,                0.31991,                0.60683,                0.53234,                0.08042,                 0.0001,                 0.0001,                 0.0001
                    163,                 0.6061,                0.50146,                0.07062,                0.71685,                0.54919,                0.59182,                0.32065,                 0.6072,                 0.5322,                 0.0805,                 0.0001,                 0.0001,                 0.0001
                    164,                0.60516,                0.50241,                0.07041,                0.71426,                0.55085,                0.59136,                0.32055,                0.60705,                0.53237,                0.08044,                 0.0001,                 0.0001,                 0.0001
                    165,                0.60294,                0.50216,                0.07076,                0.72323,                  0.548,                0.59073,                0.31942,                0.60776,                0.53167,                0.08065,                 0.0001,                 0.0001,                 0.0001
                    166,                0.60446,                0.50248,                0.07053,                 0.7221,                0.54791,                0.59037,                0.31924,                0.60803,                0.53102,                0.08059,                 0.0001,                 0.0001,                 0.0001
                    167,                0.60386,                 0.5011,                0.07036,                0.71559,                0.54952,                0.58945,                0.31929,                0.60778,                0.53154,                0.08044,                 0.0001,                 0.0001,                 0.0001
                    168,                0.60366,                0.50091,                0.07035,                 0.7195,                0.54835,                0.58825,                 0.3181,                0.60756,                0.53193,                 0.0804,                 0.0001,                 0.0001,                 0.0001
                    169,                0.60322,                 0.5017,                0.07016,                 0.7159,                0.54937,                0.58853,                0.31795,                0.60792,                0.53147,                0.08056,                 0.0001,                 0.0001,                 0.0001
                    170,                0.60209,                0.50126,                0.07041,                0.71187,                0.55005,                0.58954,                0.31837,                0.60791,                0.53144,                0.08057,                 0.0001,                 0.0001,                 0.0001
                    171,                 0.6043,                0.49903,                0.06978,                0.70949,                0.54749,                0.58787,                 0.3178,                0.60784,                0.53222,                0.08066,                 0.0001,                 0.0001,                 0.0001
                    172,                0.60201,                0.49852,                0.06983,                0.71165,                0.54686,                0.58706,                 0.3175,                0.60813,                0.53239,                0.08057,                 0.0001,                 0.0001,                 0.0001
                    173,                 0.6025,                0.49995,                0.07007,                0.71246,                 0.5472,                0.58698,                0.31687,                 0.6081,                 0.5328,                0.08052,                 0.0001,                 0.0001,                 0.0001
                    174,                0.60292,                0.49836,                0.07009,                0.71418,                0.54722,                 0.5863,                0.31635,                0.60855,                0.53254,                0.08061,                 0.0001,                 0.0001,                 0.0001
                    175,                0.60197,                0.49962,                0.06952,                0.71543,                0.55016,                0.58838,                0.31707,                0.60844,                0.53265,                0.08067,                 0.0001,                 0.0001,                 0.0001
                    176,                0.60009,                0.49938,                0.06978,                0.71478,                0.55013,                0.58832,                0.31699,                0.60809,                0.53304,                0.08058,                 0.0001,                 0.0001,                 0.0001
                    177,                 0.6011,                0.49905,                0.06981,                0.70723,                0.55034,                0.58644,                0.31649,                0.60785,                0.53371,                0.08068,                 0.0001,                 0.0001,                 0.0001
                    178,                0.60167,                0.49832,                0.06979,                0.70652,                 0.5497,                0.58686,                0.31616,                0.60792,                0.53408,                0.08069,                 0.0001,                 0.0001,                 0.0001
                    179,                0.60012,                0.49898,                0.06953,                0.70795,                0.54996,                0.58577,                0.31618,                0.60799,                0.53399,                0.08068,                 0.0001,                 0.0001,                 0.0001
                    180,                 0.6005,                0.49702,                0.06986,                0.70636,                0.54937,                0.58502,                0.31641,                0.60852,                 0.5335,                0.08071,                 0.0001,                 0.0001,                 0.0001
                    181,                 0.5999,                 0.4975,                0.06944,                0.71246,                0.54818,                0.58542,                0.31608,                 0.6086,                0.53379,                0.08078,                 0.0001,                 0.0001,                 0.0001
                    182,                0.59749,                0.49873,                0.06959,                0.71243,                0.54762,                 0.5855,                0.31681,                0.60849,                 0.5338,                0.08081,                 0.0001,                 0.0001,                 0.0001
                    183,                0.59905,                0.49806,                0.06924,                0.71366,                0.54915,                0.58611,                0.31702,                0.60825,                0.53422,                0.08059,                 0.0001,                 0.0001,                 0.0001
                    184,                0.59969,                0.49671,                0.06931,                0.71093,                0.54678,                0.58455,                0.31633,                0.60806,                0.53415,                0.08073,                 0.0001,                 0.0001,                 0.0001
                    185,                0.59774,                0.49793,                0.06919,                0.70917,                0.54853,                0.58491,                0.31605,                0.60824,                0.53425,                0.08085,                 0.0001,                 0.0001,                 0.0001
                    186,                0.59968,                0.49768,                0.06921,                0.70911,                0.54752,                0.58588,                0.31672,                0.60814,                0.53423,                0.08075,                 0.0001,                 0.0001,                 0.0001
                    187,                0.59884,                0.49696,                0.06855,                0.70792,                0.54943,                0.58599,                0.31619,                0.60831,                0.53429,                0.08078,                 0.0001,                 0.0001,                 0.0001
                    188,                0.59699,                0.49701,                0.06897,                0.70446,                0.55174,                0.58563,                0.31529,                0.60842,                0.53457,                0.08076,                 0.0001,                 0.0001,                 0.0001
                    189,                0.59839,                0.49617,                0.06915,                0.70208,                0.55443,                0.58728,                  0.316,                0.60821,                0.53508,                0.08063,                 0.0001,                 0.0001,                 0.0001
                    190,                0.59721,                0.49561,                0.06899,                0.70297,                0.55423,                 0.5878,                0.31666,                0.60809,                0.53531,                0.08045,                 0.0001,                 0.0001,                 0.0001
                    191,                0.59482,                0.49679,                0.06852,                0.70216,                0.55676,                0.58728,                0.31625,                0.60837,                0.53538,                0.08062,                 0.0001,                 0.0001,                 0.0001
                    192,                0.59711,                0.49486,                0.06876,                0.70608,                0.55311,                0.58863,                0.31738,                0.60826,                0.53585,                0.08074,                 0.0001,                 0.0001,                 0.0001
                    193,                0.59531,                0.49472,                0.06873,                0.70729,                0.54699,                0.58717,                0.31693,                0.60892,                0.53552,                0.08076,                 0.0001,                 0.0001,                 0.0001
                    194,                0.59586,                0.49533,                0.06836,                0.70543,                0.55289,                0.58801,                0.31652,                0.60866,                0.53595,                0.08079,                 0.0001,                 0.0001,                 0.0001
                    195,                0.59442,                0.49689,                0.06843,                0.70937,                0.54895,                0.58785,                0.31622,                0.60932,                0.53555,                0.08086,                 0.0001,                 0.0001,                 0.0001
                    196,                0.59293,                0.49633,                0.06874,                0.70403,                0.55201,                0.58612,                0.31493,                0.60893,                0.53607,                0.08083,                 0.0001,                 0.0001,                 0.0001
                    197,                0.59307,                0.49477,                0.06895,                0.70543,                 0.5527,                0.58727,                0.31581,                0.60911,                0.53581,                0.08111,                 0.0001,                 0.0001,                 0.0001
                    198,                0.59578,                0.49376,                0.06867,                0.70508,                0.55261,                0.58708,                0.31536,                0.60996,                0.53492,                0.08128,                 0.0001,                 0.0001,                 0.0001
                    199,                0.59233,                0.49377,                0.06818,                0.70863,                0.54751,                0.58595,                 0.3147,                0.60988,                0.53472,                 0.0812,                 0.0001,                 0.0001,                 0.0001
                    200,                0.59335,                0.49407,                0.06842,                0.70827,                0.54724,                0.58552,                0.31507,                0.61022,                0.53474,                0.08125,                 0.0001,                 0.0001,                 0.0001
                    201,                0.59328,                0.49365,                 0.0682,                0.71066,                0.54941,                0.58671,                0.31568,                0.60986,                0.53521,                0.08109,                 0.0001,                 0.0001,                 0.0001
                    202,                 0.5934,                0.49417,                0.06816,                 0.7086,                  0.547,                0.58495,                0.31468,                0.61011,                0.53515,                0.08123,                 0.0001,                 0.0001,                 0.0001
                    203,                0.59294,                0.49415,                0.06846,                0.70456,                0.54988,                0.58475,                0.31516,                0.60964,                0.53578,                0.08113,                 0.0001,                 0.0001,                 0.0001
                    204,                0.59354,                0.49399,                0.06825,                0.71294,                0.54714,                0.58513,                0.31508,                0.60991,                0.53606,                0.08104,                 0.0001,                 0.0001,                 0.0001
                    205,                0.59049,                0.49369,                0.06845,                 0.7099,                0.54661,                0.58478,                0.31475,                0.61036,                0.53594,                0.08109,                 0.0001,                 0.0001,                 0.0001
                    206,                0.59089,                0.49303,                0.06805,                0.70948,                0.54748,                0.58612,                 0.3146,                0.61089,                0.53546,                0.08131,                 0.0001,                 0.0001,                 0.0001
                    207,                0.59233,                0.49237,                0.06781,                0.70759,                0.55087,                0.58746,                0.31567,                0.61106,                0.53564,                0.08144,                 0.0001,                 0.0001,                 0.0001
                    208,                0.59067,                0.49328,                0.06777,                0.70488,                0.55109,                0.58707,                0.31555,                0.61123,                0.53595,                0.08136,                 0.0001,                 0.0001,                 0.0001
                    209,                0.58856,                0.49311,                0.06778,                0.70293,                0.55155,                0.58667,                0.31572,                0.61099,                0.53579,                0.08138,                 0.0001,                 0.0001,                 0.0001
                    210,                0.59299,                 0.4912,                0.06789,                0.70797,                 0.5497,                0.58759,                0.31622,                0.61122,                0.53589,                0.08145,                 0.0001,                 0.0001,                 0.0001
                    211,                0.59283,                 0.4918,                0.06736,                0.70525,                0.55354,                0.58723,                0.31626,                0.61161,                0.53561,                0.08169,                 0.0001,                 0.0001,                 0.0001
                    212,                0.59104,                 0.4917,                 0.0683,                0.71014,                0.55132,                 0.5868,                0.31554,                0.61169,                0.53581,                 0.0818,                 0.0001,                 0.0001,                 0.0001
                    213,                0.58984,                0.49259,                0.06706,                0.70777,                0.55318,                0.58787,                0.31574,                 0.6115,                 0.5366,                0.08162,                 0.0001,                 0.0001,                 0.0001
                    214,                 0.5891,                0.49229,                0.06751,                0.69901,                0.55543,                0.58752,                 0.3154,                0.61159,                0.53706,                 0.0815,                 0.0001,                 0.0001,                 0.0001
                    215,                0.58843,                0.49077,                0.06779,                0.69705,                 0.5531,                0.58703,                0.31514,                 0.6117,                0.53669,                0.08158,                 0.0001,                 0.0001,                 0.0001
                    216,                0.58919,                0.49177,                0.06745,                 0.7043,                0.55237,                 0.5867,                0.31527,                0.61127,                0.53707,                0.08145,                 0.0001,                 0.0001,                 0.0001
                    217,                0.58878,                0.48989,                0.06732,                0.70123,                0.55343,                0.58658,                 0.3149,                0.61155,                0.53692,                0.08169,                 0.0001,                 0.0001,                 0.0001
                    218,                0.58833,                0.49171,                0.06746,                0.70588,                0.55111,                0.58678,                0.31559,                 0.6116,                0.53678,                0.08157,                 0.0001,                 0.0001,                 0.0001
                    219,                 0.5886,                0.49073,                0.06756,                0.70524,                0.54715,                0.58413,                0.31445,                0.61194,                0.53671,                0.08159,                 0.0001,                 0.0001,                 0.0001
                    220,                0.58681,                0.49075,                0.06752,                0.70178,                 0.5481,                  0.584,                0.31474,                0.61204,                0.53699,                0.08153,                 0.0001,                 0.0001,                 0.0001
                    221,                0.58761,                0.48954,                0.06712,                0.70072,                0.55098,                0.58397,                0.31427,                0.61257,                0.53619,                0.08161,                 0.0001,                 0.0001,                 0.0001
                    222,                0.58784,                0.49055,                0.06745,                0.70772,                0.54788,                0.58353,                0.31381,                0.61251,                0.53635,                0.08156,                 0.0001,                 0.0001,                 0.0001
                    223,                0.58467,                0.48973,                0.06688,                0.71112,                0.54681,                0.58486,                0.31454,                 0.6122,                0.53678,                 0.0814,                 0.0001,                 0.0001,                 0.0001
                    224,                0.58523,                0.49045,                0.06706,                 0.7063,                0.55002,                0.58479,                0.31493,                 0.6125,                0.53696,                0.08151,                 0.0001,                 0.0001,                 0.0001
                    225,                0.58584,                0.49068,                 0.0672,                0.70594,                0.55016,                0.58387,                0.31454,                0.61263,                0.53727,                0.08179,                 0.0001,                 0.0001,                 0.0001
                    226,                0.58596,                0.49012,                0.06697,                0.70845,                0.54921,                0.58394,                0.31432,                0.61255,                0.53781,                0.08181,                 0.0001,                 0.0001,                 0.0001
                    227,                 0.5865,                0.48925,                0.06702,                0.70733,                0.55094,                0.58462,                0.31423,                0.61249,                0.53778,                0.08175,                 0.0001,                 0.0001,                 0.0001
                    228,                0.58571,                0.48848,                0.06668,                0.70702,                0.54784,                0.58332,                0.31345,                0.61228,                0.53809,                0.08173,                 0.0001,                 0.0001,                 0.0001
                    229,                0.58519,                0.48896,                0.06728,                0.70137,                0.54934,                0.58207,                0.31302,                0.61238,                0.53837,                0.08189,                 0.0001,                 0.0001,                 0.0001
                    230,                0.58577,                0.48906,                0.06654,                0.69947,                0.54985,                0.58283,                0.31336,                0.61338,                0.53742,                0.08208,                 0.0001,                 0.0001,                 0.0001
                    231,                0.58482,                0.49009,                0.06691,                0.70482,                  0.546,                0.58352,                0.31351,                0.61277,                0.53808,                 0.0819,                 0.0001,                 0.0001,                 0.0001
                    232,                0.58345,                0.48947,                0.06663,                0.70673,                0.54653,                0.58258,                0.31332,                0.61291,                0.53809,                0.08203,                 0.0001,                 0.0001,                 0.0001
                    233,                0.58398,                0.48804,                0.06652,                 0.7068,                0.54453,                0.58003,                0.31172,                0.61316,                0.53768,                0.08219,                 0.0001,                 0.0001,                 0.0001
                    234,                0.58477,                0.48934,                0.06666,                0.70651,                0.54444,                0.57956,                0.31167,                0.61253,                0.53871,                0.08193,                 0.0001,                 0.0001,                 0.0001
                    235,                0.58252,                0.48821,                0.06647,                0.70655,                0.54631,                0.58074,                0.31184,                0.61289,                0.53843,                0.08194,                 0.0001,                 0.0001,                 0.0001
                    236,                0.58488,                0.48916,                0.06649,                 0.7036,                0.54898,                0.58266,                0.31221,                0.61236,                 0.5387,                0.08178,                 0.0001,                 0.0001,                 0.0001
                    237,                0.58359,                0.48897,                0.06667,                0.70311,                0.55088,                0.58222,                0.31249,                0.61218,                0.53905,                0.08173,                 0.0001,                 0.0001,                 0.0001
                    238,                 0.5812,                0.48844,                0.06618,                0.70542,                0.55181,                0.58177,                0.31197,                0.61215,                0.53957,                0.08172,                 0.0001,                 0.0001,                 0.0001
                    239,                0.58184,                0.48899,                 0.0663,                0.70006,                0.55525,                0.58388,                0.31288,                0.61245,                0.53908,                0.08175,                 0.0001,                 0.0001,                 0.0001
                    240,                0.58077,                0.48726,                0.06628,                0.70399,                0.55318,                0.58466,                0.31326,                0.61255,                0.53892,                0.08185,                 0.0001,                 0.0001,                 0.0001
                    241,                0.58059,                0.48773,                0.06629,                 0.6992,                0.55732,                0.58474,                0.31329,                 0.6126,                0.53918,                0.08197,                 0.0001,                 0.0001,                 0.0001
                    242,                  0.581,                0.48745,                0.06653,                0.70085,                0.55273,                0.58309,                0.31268,                0.61293,                0.53889,                0.08203,                 0.0001,                 0.0001,                 0.0001
                    243,                0.58294,                0.48751,                0.06633,                0.70262,                0.55358,                0.58329,                0.31292,                 0.6133,                0.53902,                0.08221,                 0.0001,                 0.0001,                 0.0001
                    244,                0.58118,                0.48679,                0.06602,                0.70462,                0.55167,                  0.581,                0.31173,                 0.6134,                0.53925,                0.08215,                 0.0001,                 0.0001,                 0.0001
                    245,                0.58209,                0.48694,                0.06624,                0.70421,                0.55229,                0.58105,                0.31156,                0.61362,                0.53969,                0.08198,                 0.0001,                 0.0001,                 0.0001
                    246,                0.58073,                0.48722,                0.06575,                 0.7012,                0.54831,                0.57923,                 0.3112,                0.61355,                0.54023,                0.08192,                 0.0001,                 0.0001,                 0.0001
                    247,                0.58257,                0.48505,                0.06621,                0.70301,                0.54947,                0.58112,                0.31186,                 0.6142,                 0.5398,                0.08212,                 0.0001,                 0.0001,                 0.0001
                    248,                0.57906,                0.48525,                 0.0658,                0.70767,                0.55003,                0.58249,                0.31289,                0.61423,                0.53979,                0.08207,                 0.0001,                 0.0001,                 0.0001
                    249,                0.57996,                0.48594,                0.06582,                0.69855,                0.55059,                0.58112,                0.31238,                0.61407,                0.53988,                0.08206,                 0.0001,                 0.0001,                 0.0001
                    250,                0.58032,                0.48522,                0.06573,                0.69914,                0.55092,                0.58222,                0.31254,                0.61458,                0.53946,                0.08226,                 0.0001,                 0.0001,                 0.0001
                    251,                0.57957,                0.48567,                0.06614,                 0.7025,                0.54649,                0.58134,                0.31222,                0.61442,                0.54011,                 0.0821,                 0.0001,                 0.0001,                 0.0001
                    252,                 0.5788,                 0.4852,                0.06598,                0.70475,                0.54523,                0.58119,                0.31211,                0.61463,                0.53988,                0.08233,                 0.0001,                 0.0001,                 0.0001
                    253,                0.57845,                0.48535,                0.06542,                 0.7017,                0.54676,                0.58149,                0.31267,                0.61438,                0.54075,                0.08238,                 0.0001,                 0.0001,                 0.0001
                    254,                0.57742,                0.48374,                 0.0661,                0.70537,                 0.5494,                0.58244,                0.31292,                0.61464,                 0.5406,                0.08227,                 0.0001,                 0.0001,                 0.0001
                    255,                0.57829,                0.48383,                0.06572,                0.70859,                0.54608,                0.58126,                0.31238,                0.61437,                0.54114,                0.08213,                 0.0001,                 0.0001,                 0.0001
                    256,                0.57636,                0.48447,                0.06546,                0.70299,                0.54582,                0.58003,                0.31172,                0.61398,                0.54168,                0.08202,                 0.0001,                 0.0001,                 0.0001
                    257,                0.57691,                0.48471,                0.06609,                0.70416,                0.54729,                0.57968,                0.31121,                0.61426,                0.54143,                0.08205,                 0.0001,                 0.0001,                 0.0001
                    258,                0.57643,                0.48377,                0.06554,                0.70432,                0.54538,                0.58034,                 0.3119,                0.61457,                0.54125,                0.08214,                 0.0001,                 0.0001,                 0.0001
                    259,                0.57665,                0.48343,                0.06561,                 0.7082,                0.54373,                0.58044,                 0.3122,                 0.6143,                0.54196,                0.08195,                 0.0001,                 0.0001,                 0.0001
                    260,                0.57672,                0.48363,                0.06532,                0.70871,                  0.544,                0.57909,                0.31149,                0.61501,                0.54146,                0.08217,                 0.0001,                 0.0001,                 0.0001
                    261,                0.57533,                0.48373,                 0.0656,                0.71001,                0.54445,                0.57971,                0.31195,                0.61539,                 0.5416,                0.08238,                 0.0001,                 0.0001,                 0.0001
                    262,                0.57709,                0.48329,                0.06504,                0.70821,                0.54344,                0.57867,                0.31126,                0.61576,                 0.5414,                0.08242,                 0.0001,                 0.0001,                 0.0001
                    263,                0.57609,                0.48213,                0.06493,                0.70319,                0.54723,                0.58005,                 0.3117,                0.61544,                0.54132,                0.08234,                 0.0001,                 0.0001,                 0.0001
                    264,                0.57614,                0.48305,                0.06526,                    0.7,                0.54934,                0.57932,                0.31185,                0.61534,                0.54126,                0.08239,                 0.0001,                 0.0001,                 0.0001
                    265,                0.57463,                0.48293,                0.06532,                0.70408,                0.54985,                0.58002,                0.31231,                0.61591,                0.54065,                0.08273,                 0.0001,                 0.0001,                 0.0001
                    266,                0.57597,                0.48319,                0.06493,                0.70692,                0.54938,                0.58055,                0.31232,                0.61634,                0.54053,                0.08281,                 0.0001,                 0.0001,                 0.0001
                    267,                0.57468,                0.48185,                 0.0648,                 0.7054,                0.54959,                0.57945,                0.31168,                0.61674,                0.54084,                0.08275,                 0.0001,                 0.0001,                 0.0001
                    268,                0.57398,                0.48123,                0.06464,                0.69839,                0.55045,                0.57901,                0.31145,                0.61701,                0.54093,                0.08282,                 0.0001,                 0.0001,                 0.0001
                    269,                0.57328,                0.48254,                0.06463,                0.69726,                0.55376,                0.57966,                0.31142,                0.61663,                0.54126,                0.08267,                 0.0001,                 0.0001,                 0.0001
                    270,                0.57535,                 0.4815,                0.06481,                0.70802,                0.54949,                0.58032,                0.31148,                0.61628,                0.54167,                 0.0826,                 0.0001,                 0.0001,                 0.0001
                    271,                0.57477,                0.48169,                 0.0645,                0.69776,                0.55317,                 0.5793,                0.31118,                 0.6167,                 0.5415,                0.08284,                 0.0001,                 0.0001,                 0.0001
                    272,                0.57254,                 0.4815,                0.06471,                0.70373,                0.55394,                0.58044,                0.31112,                0.61671,                0.54212,                0.08283,                 0.0001,                 0.0001,                 0.0001
                    273,                0.57259,                0.48114,                0.06495,                0.70342,                0.55217,                0.57982,                0.31095,                0.61671,                0.54219,                0.08295,                 0.0001,                 0.0001,                 0.0001
                    274,                0.57377,                0.48169,                0.06445,                0.70425,                0.55084,                0.58039,                0.31103,                0.61672,                0.54177,                0.08283,                 0.0001,                 0.0001,                 0.0001
                    275,                0.57129,                0.48077,                0.06477,                0.70589,                0.54908,                0.57935,                0.31091,                0.61706,                0.54155,                0.08287,                 0.0001,                 0.0001,                 0.0001
                    276,                0.57168,                 0.4816,                 0.0645,                0.70561,                0.55052,                0.58143,                0.31202,                0.61714,                0.54132,                0.08278,                 0.0001,                 0.0001,                 0.0001
                    277,                0.57151,                0.48203,                0.06454,                0.70977,                0.55008,                0.58157,                0.31218,                0.61718,                0.54125,                0.08281,                 0.0001,                 0.0001,                 0.0001
                    278,                0.57413,                0.48122,                0.06441,                 0.7036,                0.55246,                0.58058,                0.31162,                0.61686,                0.54181,                0.08271,                 0.0001,                 0.0001,                 0.0001
                    279,                 0.5713,                0.48002,                0.06461,                0.69573,                0.55384,                0.58024,                0.31138,                0.61665,                0.54194,                0.08261,                 0.0001,                 0.0001,                 0.0001
                    280,                0.57119,                0.48019,                0.06452,                0.69765,                0.55114,                0.57831,                0.31137,                0.61692,                 0.5421,                0.08269,                 0.0001,                 0.0001,                 0.0001
                    281,                0.57056,                0.48042,                0.06487,                0.69861,                0.55051,                0.57699,                0.31086,                0.61703,                0.54222,                0.08257,                 0.0001,                 0.0001,                 0.0001
                    282,                0.57119,                0.47939,                0.06419,                0.70198,                0.54864,                0.57828,                0.31114,                0.61703,                0.54187,                0.08246,                 0.0001,                 0.0001,                 0.0001
                    283,                0.57151,                0.47968,                0.06413,                0.70338,                0.54541,                0.57665,                0.31019,                0.61761,                0.54182,                0.08247,                 0.0001,                 0.0001,                 0.0001
                    284,                0.57051,                0.47962,                0.06435,                0.70493,                0.54331,                0.57636,                0.31035,                0.61766,                0.54169,                0.08269,                 0.0001,                 0.0001,                 0.0001
                    285,                0.57041,                0.47892,                0.06434,                0.70753,                0.54352,                0.57609,                0.31014,                0.61777,                 0.5417,                0.08266,                 0.0001,                 0.0001,                 0.0001
                    286,                0.57001,                0.47938,                0.06408,                0.69815,                0.54934,                0.57531,                0.30943,                0.61798,                0.54199,                 0.0828,                 0.0001,                 0.0001,                 0.0001
                    287,                0.57056,                0.47949,                0.06381,                0.70312,                0.54778,                0.57566,                0.30975,                0.61787,                0.54239,                0.08272,                 0.0001,                 0.0001,                 0.0001
                    288,                0.57107,                0.47926,                0.06413,                0.70136,                0.54721,                0.57633,                0.30974,                0.61811,                0.54206,                0.08276,                 0.0001,                 0.0001,                 0.0001
                    289,                0.56891,                0.47799,                0.06369,                0.69631,                0.54879,                0.57486,                0.30931,                0.61825,                0.54233,                0.08284,                 0.0001,                 0.0001,                 0.0001
                    290,                 0.5683,                0.47785,                 0.0642,                0.69656,                0.54757,                0.57609,                0.30948,                 0.6181,                0.54259,                0.08297,                 0.0001,                 0.0001,                 0.0001
                    291,                0.56988,                0.47823,                0.06405,                 0.6935,                 0.5518,                0.57833,                0.31026,                 0.6181,                0.54275,                0.08279,                 0.0001,                 0.0001,                 0.0001
                    292,                0.56615,                0.47845,                0.06389,                0.69881,                0.54912,                  0.579,                0.31048,                0.61809,                0.54298,                0.08292,                 0.0001,                 0.0001,                 0.0001
                    293,                0.56781,                0.47772,                0.06379,                0.69193,                0.55529,                0.57983,                0.31076,                0.61876,                0.54268,                0.08313,                 0.0001,                 0.0001,                 0.0001
                    294,                0.56705,                0.47788,                0.06381,                0.68946,                0.55646,                0.57896,                0.31083,                0.61854,                0.54247,                0.08318,                 0.0001,                 0.0001,                 0.0001
                    295,                0.56807,                0.47784,                0.06395,                0.68924,                0.55362,                0.57756,                0.30993,                0.61815,                0.54335,                0.08302,                 0.0001,                 0.0001,                 0.0001
                    296,                0.56822,                0.47752,                0.06365,                0.68693,                0.55615,                0.57837,                0.31044,                0.61872,                 0.5429,                0.08326,                 0.0001,                 0.0001,                 0.0001
                    297,                 0.5666,                0.47687,                0.06362,                 0.6919,                 0.5513,                0.57854,                0.31058,                0.61884,                0.54258,                 0.0833,                 0.0001,                 0.0001,                 0.0001
                    298,                0.56663,                0.47737,                0.06332,                0.69518,                0.54873,                0.57603,                0.30916,                0.61875,                0.54363,                0.08314,                 0.0001,                 0.0001,                 0.0001
                    299,                0.56807,                0.47629,                0.06305,                0.70023,                0.54956,                0.57677,                0.30976,                0.61882,                0.54395,                0.08327,                 0.0001,                 0.0001,                 0.0001
                    300,                0.56445,                0.47835,                0.06356,                0.69932,                0.54586,                0.57614,                0.30897,                0.61862,                0.54433,                0.08334,                 0.0001,                 0.0001,                 0.0001
