                  epoch,        train/giou_loss,         train/cls_loss,          train/l1_loss,   metrics/precision(B),      metrics/recall(B),       metrics/mAP50(B),    metrics/mAP50-95(B),          val/giou_loss,           val/cls_loss,            val/l1_loss,                 lr/pg0,                 lr/pg1,                 lr/pg2
                      1,                 1.6581,                0.28614,                0.50543,                0.39505,                0.03294,                0.01772,                0.00495,                 1.5742,                0.30328,                0.41163,                 0.0001,                 0.0001,                 0.0001
                      2,                 1.4354,                 0.3646,                0.33923,                0.23045,                 0.0881,                0.05081,                0.01591,                 1.3899,                0.37159,                0.31291,                 0.0001,                 0.0001,                 0.0001
                      3,                 1.3436,                0.39164,                0.29066,                0.27738,                0.12442,                0.09428,                0.03319,                 1.2253,                0.43695,                0.24562,                 0.0001,                 0.0001,                 0.0001
                      4,                 1.2217,                0.44364,                0.24193,                0.24605,                0.17121,                 0.1157,                0.04327,                 1.1192,                0.48913,                0.21236,                 0.0001,                 0.0001,                 0.0001
                      5,                 1.0942,                0.50762,                0.19422,                0.28113,                 0.2297,                0.16069,                0.06427,                0.97615,                0.56055,                0.16608,                 0.0001,                 0.0001,                 0.0001
                      6,                 1.0184,                0.54068,                0.16974,                0.28673,                0.25919,                0.19079,                 0.0806,                0.92327,                0.58221,                0.15088,                 0.0001,                 0.0001,                 0.0001
                      7,                0.98551,                0.52788,                0.15846,                0.34496,                0.27011,                0.22318,                 0.0953,                0.89564,                0.56566,                0.14336,                 0.0001,                 0.0001,                 0.0001
                      8,                0.95593,                0.52236,                0.15049,                0.37003,                0.28022,                0.23939,                0.10358,                0.87922,                0.55858,                0.13945,                 0.0001,                 0.0001,                 0.0001
                      9,                0.93679,                0.51831,                0.14406,                0.39999,                0.28091,                0.25194,                0.11048,                0.86847,                0.55249,                0.13685,                 0.0001,                 0.0001,                 0.0001
                     10,                0.91595,                0.51998,                 0.1402,                0.40747,                0.29211,                 0.2648,                 0.1165,                0.85752,                0.54912,                0.13429,                 0.0001,                 0.0001,                 0.0001
                     11,                0.89553,                 0.5239,                0.13525,                0.42803,                0.30243,                0.27912,                0.12407,                 0.8476,                0.54495,                0.13199,                 0.0001,                 0.0001,                 0.0001
                     12,                 0.8753,                0.53169,                0.12978,                0.43628,                0.31574,                0.29313,                0.13171,                0.83519,                 0.5442,                0.12899,                 0.0001,                 0.0001,                 0.0001
                     13,                0.84781,                0.54039,                0.12227,                0.45569,                0.32809,                0.30919,                0.13998,                0.82117,                0.54415,                0.12581,                 0.0001,                 0.0001,                 0.0001
                     14,                0.82888,                0.54644,                 0.1175,                 0.4725,                0.34243,                0.32467,                0.14954,                 0.8099,                0.54369,                0.12244,                 0.0001,                 0.0001,                 0.0001
                     15,                0.81314,                0.54938,                0.11407,                0.48413,                0.34948,                0.33719,                0.15642,                0.79631,                 0.5456,                0.11919,                 0.0001,                 0.0001,                 0.0001
                     16,                0.80395,                0.54704,                0.11217,                0.50644,                0.35655,                0.35037,                0.16509,                0.78298,                0.54795,                0.11548,                 0.0001,                 0.0001,                 0.0001
                     17,                0.80255,                0.54289,                0.10982,                0.51318,                0.36435,                0.36272,                0.17286,                0.77134,                  0.549,                0.11224,                 0.0001,                 0.0001,                 0.0001
                     18,                0.79525,                0.53911,                0.10801,                0.51912,                0.36958,                 0.3724,                0.17971,                0.75951,                0.55099,                0.10939,                 0.0001,                 0.0001,                 0.0001
                     19,                0.78781,                0.53974,                0.10691,                0.53434,                0.37972,                0.38182,                0.18576,                0.74963,                0.55136,                 0.1071,                 0.0001,                 0.0001,                 0.0001
                     20,                0.78186,                0.53776,                0.10506,                0.54251,                0.38666,                0.38981,                0.19124,                0.74123,                0.55084,                0.10515,                 0.0001,                 0.0001,                 0.0001
                     21,                0.77467,                0.53759,                0.10467,                0.54404,                0.39531,                0.40014,                 0.1982,                0.73368,                0.54962,                0.10335,                 0.0001,                 0.0001,                 0.0001
                     22,                0.77083,                0.53485,                0.10299,                0.55499,                0.40376,                 0.4121,                0.20415,                0.72677,                0.54757,                0.10185,                 0.0001,                 0.0001,                 0.0001
                     23,                0.76483,                0.53372,                0.10186,                0.56482,                0.40734,                0.42001,                0.20951,                0.72041,                0.54608,                0.10061,                 0.0001,                 0.0001,                 0.0001
                     24,                0.76154,                0.53312,                0.10096,                0.57073,                 0.4173,                0.42945,                0.21544,                0.71458,                0.54454,                 0.0994,                 0.0001,                 0.0001,                 0.0001
                     25,                0.75818,                0.53052,                0.10007,                0.57776,                0.42275,                0.43737,                0.22065,                0.70903,                0.54344,                0.09828,                 0.0001,                 0.0001,                 0.0001
                     26,                0.75404,                0.53198,                 0.0992,                0.59557,                0.42748,                0.44612,                0.22561,                0.70478,                0.54202,                0.09744,                 0.0001,                 0.0001,                 0.0001
                     27,                0.75248,                0.52926,                0.09861,                0.59883,                0.43173,                0.45342,                0.22989,                0.70087,                0.54074,                0.09658,                 0.0001,                 0.0001,                 0.0001
                     28,                0.74781,                0.52959,                0.09774,                 0.6106,                 0.4364,                0.46041,                0.23395,                0.69764,                0.53903,                 0.0961,                 0.0001,                 0.0001,                 0.0001
                     29,                0.74271,                0.52786,                0.09698,                0.61562,                0.43999,                0.46698,                0.23782,                0.69446,                0.53772,                0.09538,                 0.0001,                 0.0001,                 0.0001
                     30,                0.73953,                0.52877,                0.09646,                0.62532,                0.44471,                0.47312,                0.24113,                0.69101,                0.53706,                0.09457,                 0.0001,                 0.0001,                 0.0001
                     31,                0.73832,                0.52661,                0.09552,                0.62421,                0.44907,                0.47723,                0.24377,                0.68776,                0.53685,                0.09397,                 0.0001,                 0.0001,                 0.0001
                     32,                0.73468,                  0.525,                0.09504,                0.62741,                 0.4539,                0.48163,                0.24632,                0.68516,                0.53591,                0.09352,                 0.0001,                 0.0001,                 0.0001
                     33,                0.73373,                0.52481,                0.09409,                0.63371,                0.45672,                0.48656,                 0.2498,                0.68251,                0.53523,                  0.093,                 0.0001,                 0.0001,                 0.0001
                     34,                0.73039,                0.52346,                0.09458,                0.63637,                0.45897,                0.48963,                0.25245,                 0.6805,                0.53428,                0.09265,                 0.0001,                 0.0001,                 0.0001
                     35,                0.73041,                0.52368,                0.09334,                0.63176,                0.46498,                0.49367,                0.25459,                0.67861,                0.53354,                0.09228,                 0.0001,                 0.0001,                 0.0001
                     36,                0.72632,                0.52331,                0.09306,                0.63324,                0.47203,                0.49831,                0.25629,                0.67648,                0.53285,                0.09183,                 0.0001,                 0.0001,                 0.0001
                     37,                0.72466,                0.52256,                0.09245,                0.63565,                0.47174,                0.49953,                 0.2582,                0.67436,                0.53242,                0.09139,                 0.0001,                 0.0001,                 0.0001
                     38,                0.72434,                0.52202,                0.09242,                 0.6356,                0.47421,                 0.5032,                0.25956,                 0.6728,                0.53177,                0.09113,                 0.0001,                 0.0001,                 0.0001
                     39,                0.72117,                 0.5216,                0.09211,                0.63562,                0.47496,                0.50507,                0.26165,                0.67125,                0.53123,                0.09064,                 0.0001,                 0.0001,                 0.0001
                     40,                 0.7203,                0.51962,                 0.0911,                0.64005,                0.47586,                0.50656,                0.26272,                0.66964,                0.53069,                0.09042,                 0.0001,                 0.0001,                 0.0001
                     41,                 0.7174,                0.52025,                0.09074,                0.63648,                0.48279,                0.51095,                0.26499,                0.66808,                0.53023,                0.08999,                 0.0001,                 0.0001,                 0.0001
                     42,                0.71675,                0.52021,                0.09004,                 0.6393,                0.48393,                 0.5137,                 0.2665,                0.66694,                0.52972,                0.08972,                 0.0001,                 0.0001,                 0.0001
                     43,                0.71445,                0.51939,                0.09009,                0.63601,                0.48808,                0.51562,                0.26777,                0.66574,                0.52943,                0.08943,                 0.0001,                 0.0001,                 0.0001
                     44,                0.71344,                0.51866,                0.08968,                0.63626,                0.49012,                0.51785,                0.26907,                  0.665,                0.52836,                0.08949,                 0.0001,                 0.0001,                 0.0001
                     45,                0.70985,                0.51944,                0.08961,                0.64001,                0.49267,                0.52049,                0.27055,                0.66347,                0.52797,                0.08921,                 0.0001,                 0.0001,                 0.0001
                     46,                0.70935,                0.51892,                0.08945,                0.63925,                0.49411,                0.52086,                0.27076,                0.66258,                 0.5277,                0.08903,                 0.0001,                 0.0001,                 0.0001
                     47,                0.70677,                0.51752,                0.08885,                0.63987,                0.49587,                0.52163,                0.27195,                0.66175,                0.52735,                0.08878,                 0.0001,                 0.0001,                 0.0001
                     48,                0.70577,                0.51805,                0.08848,                0.64086,                0.49643,                0.52324,                0.27239,                0.66076,                0.52707,                0.08858,                 0.0001,                 0.0001,                 0.0001
                     49,                0.70407,                0.51751,                 0.0887,                0.64253,                0.49911,                0.52427,                0.27349,                0.65959,                 0.5268,                 0.0885,                 0.0001,                 0.0001,                 0.0001
                     50,                0.70308,                0.51708,                0.08819,                0.64091,                0.50028,                0.52527,                0.27414,                0.65845,                0.52687,                0.08837,                 0.0001,                 0.0001,                 0.0001
                     51,                0.70086,                0.51713,                0.08828,                0.64315,                0.50398,                0.52792,                0.27557,                 0.6572,                0.52678,                0.08801,                 0.0001,                 0.0001,                 0.0001
                     52,                0.69996,                0.51635,                0.08761,                0.65458,                 0.4992,                0.52971,                0.27641,                0.65672,                 0.5265,                0.08773,                 0.0001,                 0.0001,                 0.0001
                     53,                0.69994,                0.51524,                0.08716,                 0.6591,                0.49891,                0.53193,                0.27778,                0.65548,                 0.5262,                0.08747,                 0.0001,                 0.0001,                 0.0001
                     54,                0.69926,                0.51411,                0.08685,                0.66114,                0.50255,                0.53545,                0.28011,                0.65466,                0.52578,                0.08713,                 0.0001,                 0.0001,                 0.0001
                     55,                0.69824,                 0.5142,                0.08679,                 0.6643,                0.50295,                0.53676,                0.28151,                0.65401,                0.52553,                0.08698,                 0.0001,                 0.0001,                 0.0001
                     56,                0.69624,                0.51482,                0.08668,                0.66609,                0.50477,                0.53671,                0.28171,                0.65334,                0.52555,                0.08709,                 0.0001,                 0.0001,                 0.0001
                     57,                  0.696,                0.51272,                0.08637,                0.66649,                0.50396,                0.53944,                0.28308,                0.65237,                0.52514,                0.08688,                 0.0001,                 0.0001,                 0.0001
                     58,                0.69276,                 0.5145,                0.08618,                0.66492,                 0.5088,                0.54132,                0.28396,                 0.6516,                0.52472,                0.08695,                 0.0001,                 0.0001,                 0.0001
                     59,                0.69163,                0.51326,                0.08609,                0.66434,                0.51123,                0.54174,                0.28508,                0.65076,                0.52422,                0.08693,                 0.0001,                 0.0001,                 0.0001
                     60,                0.69312,                0.51226,                0.08628,                0.66867,                0.51153,                0.54319,                0.28613,                0.65028,                0.52375,                0.08661,                 0.0001,                 0.0001,                 0.0001
                     61,                0.68894,                0.51218,                0.08577,                0.66877,                0.51816,                0.54495,                0.28693,                0.64954,                0.52376,                0.08663,                 0.0001,                 0.0001,                 0.0001
                     62,                 0.6911,                0.51179,                0.08543,                0.66958,                0.51665,                 0.5457,                0.28751,                0.64902,                0.52373,                0.08652,                 0.0001,                 0.0001,                 0.0001
                     63,                0.69099,                0.51133,                 0.0848,                0.67118,                0.51672,                0.54728,                0.28833,                0.64879,                0.52314,                 0.0864,                 0.0001,                 0.0001,                 0.0001
                     64,                0.68712,                0.51186,                0.08455,                0.66653,                 0.5201,                0.54629,                0.28803,                0.64815,                0.52276,                 0.0862,                 0.0001,                 0.0001,                 0.0001
                     65,                0.68822,                0.51023,                0.08454,                0.67378,                0.51635,                 0.5484,                0.28925,                0.64769,                0.52235,                0.08606,                 0.0001,                 0.0001,                 0.0001
                     66,                0.68614,                0.51185,                0.08492,                0.67844,                0.51777,                0.54971,                0.28924,                0.64702,                0.52241,                0.08606,                 0.0001,                 0.0001,                 0.0001
                     67,                0.68601,                0.51017,                0.08439,                0.67903,                0.51736,                 0.5514,                0.28982,                0.64647,                0.52256,                0.08604,                 0.0001,                 0.0001,                 0.0001
                     68,                 0.6864,                0.50943,                  0.084,                0.67974,                0.51856,                0.55235,                0.28995,                0.64611,                0.52207,                0.08603,                 0.0001,                 0.0001,                 0.0001
                     69,                0.68363,                0.50928,                0.08375,                0.67888,                0.52078,                0.55265,                0.29095,                0.64556,                0.52243,                0.08587,                 0.0001,                 0.0001,                 0.0001
                     70,                0.68535,                 0.5084,                0.08389,                0.68171,                0.52032,                0.55353,                0.29242,                0.64487,                0.52231,                0.08572,                 0.0001,                 0.0001,                 0.0001
                     71,                0.68135,                0.50975,                0.08409,                 0.6831,                0.52188,                0.55533,                 0.2928,                0.64416,                0.52216,                0.08562,                 0.0001,                 0.0001,                 0.0001
                     72,                0.68224,                0.50857,                0.08338,                 0.6862,                0.51937,                0.55577,                0.29305,                0.64425,                0.52164,                 0.0856,                 0.0001,                 0.0001,                 0.0001
                     73,                 0.6806,                0.50749,                0.08325,                0.68633,                0.52307,                0.55812,                 0.2945,                0.64391,                0.52142,                0.08553,                 0.0001,                 0.0001,                 0.0001
                     74,                0.67877,                0.50787,                0.08294,                0.68468,                0.52645,                 0.5593,                0.29546,                 0.6435,                0.52127,                0.08541,                 0.0001,                 0.0001,                 0.0001
                     75,                0.68141,                0.50766,                0.08291,                 0.6879,                0.52562,                0.55904,                0.29528,                0.64268,                0.52111,                0.08542,                 0.0001,                 0.0001,                 0.0001
                     76,                0.67945,                0.50791,                0.08229,                0.68415,                0.53068,                0.56067,                0.29617,                0.64222,                0.52132,                0.08538,                 0.0001,                 0.0001,                 0.0001
                     77,                0.67594,                0.50788,                0.08265,                0.68886,                0.52604,                0.56076,                0.29594,                0.64163,                0.52113,                0.08539,                 0.0001,                 0.0001,                 0.0001
                     78,                0.67658,                0.50677,                0.08243,                0.68863,                0.52559,                0.56021,                0.29578,                0.64101,                 0.5211,                0.08525,                 0.0001,                 0.0001,                 0.0001
                     79,                0.67744,                0.50609,                0.08278,                 0.6942,                0.52414,                0.56265,                0.29715,                0.64105,                0.52053,                0.08528,                 0.0001,                 0.0001,                 0.0001
                     80,                0.67589,                0.50565,                0.08231,                0.69357,                0.52381,                0.56146,                 0.2969,                0.64104,                0.52023,                0.08527,                 0.0001,                 0.0001,                 0.0001
                     81,                0.67298,                0.50708,                0.08212,                0.69361,                0.52462,                0.56231,                0.29759,                0.64062,                0.52025,                0.08526,                 0.0001,                 0.0001,                 0.0001
                     82,                0.67451,                0.50577,                0.08194,                0.69922,                0.52398,                0.56333,                0.29791,                0.63996,                0.52034,                0.08503,                 0.0001,                 0.0001,                 0.0001
                     83,                0.67539,                0.50442,                0.08146,                0.69338,                0.52779,                0.56321,                0.29744,                0.63967,                0.52037,                0.08505,                 0.0001,                 0.0001,                 0.0001
                     84,                 0.6724,                0.50522,                 0.0818,                0.68784,                0.52998,                0.56372,                0.29782,                0.63951,                0.52027,                0.08505,                 0.0001,                 0.0001,                 0.0001
                     85,                0.67389,                0.50419,                 0.0817,                0.69388,                0.52931,                0.56514,                0.29823,                0.63944,                 0.5197,                0.08499,                 0.0001,                 0.0001,                 0.0001
                     86,                0.66933,                0.50605,                 0.0809,                0.69568,                0.52555,                0.56442,                 0.2988,                0.63916,                0.51971,                0.08496,                 0.0001,                 0.0001,                 0.0001
                     87,                0.67247,                0.50477,                0.08151,                0.69017,                0.52953,                0.56569,                0.29927,                 0.6393,                0.51968,                0.08504,                 0.0001,                 0.0001,                 0.0001
                     88,                0.66992,                 0.5044,                0.08091,                0.68638,                0.53484,                0.56622,                0.29999,                0.63887,                 0.5197,                0.08489,                 0.0001,                 0.0001,                 0.0001
                     89,                0.66782,                0.50434,                0.08138,                0.68861,                0.53735,                0.56753,                0.30082,                0.63877,                0.51939,                0.08496,                 0.0001,                 0.0001,                 0.0001
                     90,                0.66873,                0.50282,                0.08123,                0.69069,                0.53548,                0.56814,                0.30157,                 0.6381,                0.51966,                0.08472,                 0.0001,                 0.0001,                 0.0001
                     91,                0.66646,                0.50444,                0.08146,                0.69174,                0.53437,                0.56698,                0.30154,                0.63811,                0.51925,                0.08471,                 0.0001,                 0.0001,                 0.0001
                     92,                 0.6668,                0.50436,                0.08064,                0.68858,                0.53779,                 0.5688,                0.30234,                0.63768,                0.51964,                 0.0846,                 0.0001,                 0.0001,                 0.0001
                     93,                0.66843,                0.50273,                0.08044,                0.69027,                0.53755,                0.56919,                0.30296,                0.63687,                0.52009,                0.08443,                 0.0001,                 0.0001,                 0.0001
                     94,                0.66661,                0.50282,                 0.0803,                0.70001,                0.53637,                0.57121,                0.30424,                0.63627,                0.52017,                0.08427,                 0.0001,                 0.0001,                 0.0001
                     95,                0.66475,                0.50304,                0.08015,                0.69718,                0.53874,                0.57198,                0.30372,                0.63592,                0.51991,                 0.0843,                 0.0001,                 0.0001,                 0.0001
                     96,                0.66542,                0.50248,                0.08042,                0.70093,                 0.5374,                0.57279,                0.30416,                 0.6357,                0.51955,                 0.0842,                 0.0001,                 0.0001,                 0.0001
                     97,                0.66336,                0.50267,                0.07998,                0.69894,                0.53664,                0.57296,                0.30438,                0.63567,                0.51927,                0.08437,                 0.0001,                 0.0001,                 0.0001
                     98,                0.66189,                0.50257,                0.08013,                0.70084,                0.53813,                0.57477,                0.30526,                0.63564,                0.51912,                 0.0845,                 0.0001,                 0.0001,                 0.0001
                     99,                0.66384,                0.50223,                0.08015,                0.70086,                 0.5385,                0.57633,                0.30672,                0.63547,                0.51889,                0.08438,                 0.0001,                 0.0001,                 0.0001
                    100,                0.66359,                0.49967,                 0.0797,                0.70438,                0.53534,                0.57581,                0.30647,                0.63537,                0.51879,                0.08439,                 0.0001,                 0.0001,                 0.0001
                    101,                0.66198,                0.50172,                0.07939,                0.70923,                0.53345,                0.57598,                0.30672,                0.63503,                0.51872,                0.08431,                 0.0001,                 0.0001,                 0.0001
                    102,                0.66157,                0.50152,                0.07982,                0.71629,                0.53112,                0.57639,                0.30719,                 0.6345,                0.51894,                0.08432,                 0.0001,                 0.0001,                 0.0001
                    103,                0.66222,                0.49956,                0.07996,                  0.715,                0.53243,                0.57617,                0.30679,                 0.6343,                0.51912,                0.08435,                 0.0001,                 0.0001,                 0.0001
                    104,                0.66068,                0.49955,                0.07939,                 0.7127,                0.53751,                0.57683,                0.30669,                0.63429,                0.51888,                0.08424,                 0.0001,                 0.0001,                 0.0001
                    105,                0.66053,                0.50098,                0.07897,                0.71401,                0.53348,                 0.5767,                0.30693,                0.63369,                0.51945,                0.08425,                 0.0001,                 0.0001,                 0.0001
                    106,                0.65935,                0.49897,                0.07879,                0.70453,                0.53791,                0.57702,                0.30705,                0.63311,                0.51949,                0.08417,                 0.0001,                 0.0001,                 0.0001
                    107,                0.66056,                0.49971,                0.07902,                0.71014,                0.53737,                0.57609,                0.30617,                0.63286,                0.51969,                0.08418,                 0.0001,                 0.0001,                 0.0001
                    108,                0.65939,                0.49903,                0.07822,                0.71168,                0.53889,                0.57603,                 0.3066,                0.63276,                0.51966,                0.08396,                 0.0001,                 0.0001,                 0.0001
                    109,                0.65514,                0.50016,                  0.079,                0.71236,                 0.5371,                0.57617,                0.30736,                0.63225,                0.51984,                0.08388,                 0.0001,                 0.0001,                 0.0001
                    110,                0.66011,                0.49865,                0.07847,                0.71119,                0.54181,                0.57743,                0.30754,                0.63192,                0.52002,                0.08387,                 0.0001,                 0.0001,                 0.0001
                    111,                0.65767,                0.49885,                0.07915,                0.71066,                0.54207,                0.57919,                 0.3082,                0.63199,                0.51974,                0.08394,                 0.0001,                 0.0001,                 0.0001
                    112,                0.65561,                 0.4986,                0.07854,                0.71344,                0.53804,                0.57935,                0.30857,                0.63166,                0.51985,                0.08379,                 0.0001,                 0.0001,                 0.0001
                    113,                0.65602,                0.49799,                0.07849,                0.70888,                0.53802,                0.57917,                0.30837,                0.63151,                0.51945,                0.08357,                 0.0001,                 0.0001,                 0.0001
                    114,                0.65686,                0.49708,                0.07863,                0.71256,                0.53858,                0.57914,                0.30833,                0.63165,                0.51896,                 0.0837,                 0.0001,                 0.0001,                 0.0001
                    115,                0.65546,                0.49882,                0.07822,                0.71327,                0.53829,                0.58093,                0.30883,                0.63153,                0.51887,                 0.0836,                 0.0001,                 0.0001,                 0.0001
                    116,                0.65476,                0.49785,                0.07807,                0.71388,                0.53991,                0.58083,                0.30941,                0.63117,                 0.5192,                0.08348,                 0.0001,                 0.0001,                 0.0001
                    117,                0.65661,                0.49697,                0.07812,                0.71082,                0.54161,                0.58067,                0.30876,                0.63144,                0.51887,                0.08367,                 0.0001,                 0.0001,                 0.0001
                    118,                0.65442,                0.49571,                 0.0779,                0.71327,                0.54148,                0.58071,                0.30986,                 0.6314,                0.51866,                0.08368,                 0.0001,                 0.0001,                 0.0001
                    119,                0.65637,                0.49555,                0.07808,                0.70616,                0.54375,                0.58012,                0.30959,                0.63099,                0.51871,                0.08366,                 0.0001,                 0.0001,                 0.0001
                    120,                0.65323,                0.49626,                0.07793,                0.70975,                0.54341,                0.57992,                 0.3097,                0.63057,                  0.519,                0.08369,                 0.0001,                 0.0001,                 0.0001
                    121,                0.65398,                0.49597,                0.07773,                0.70908,                0.54063,                0.57828,                0.30914,                0.63042,                0.51884,                0.08374,                 0.0001,                 0.0001,                 0.0001
                    122,                0.65306,                0.49609,                0.07782,                0.70451,                0.54332,                0.57791,                 0.3088,                0.63041,                0.51905,                0.08387,                 0.0001,                 0.0001,                 0.0001
                    123,                0.65169,                0.49579,                0.07772,                0.71163,                0.54134,                0.57874,                0.30882,                0.63015,                0.51928,                0.08366,                 0.0001,                 0.0001,                 0.0001
                    124,                 0.6516,                0.49572,                0.07782,                0.70528,                0.54463,                0.57887,                0.30904,                0.63063,                0.51845,                0.08375,                 0.0001,                 0.0001,                 0.0001
                    125,                0.65237,                0.49579,                 0.0773,                0.71353,                0.54006,                0.57908,                0.30876,                0.63051,                0.51873,                0.08369,                 0.0001,                 0.0001,                 0.0001
                    126,                0.65067,                0.49546,                0.07716,                0.71318,                0.54028,                0.57964,                0.31013,                0.63043,                0.51873,                 0.0836,                 0.0001,                 0.0001,                 0.0001
                    127,                0.65058,                0.49555,                0.07736,                 0.7154,                0.53928,                0.57947,                0.30984,                0.63032,                0.51864,                0.08362,                 0.0001,                 0.0001,                 0.0001
                    128,                0.65184,                0.49396,                0.07726,                0.71256,                0.54059,                0.58025,                0.31017,                0.63035,                0.51838,                0.08361,                 0.0001,                 0.0001,                 0.0001
                    129,                0.65038,                0.49534,                0.07721,                 0.7123,                0.54032,                0.58185,                0.31091,                0.63021,                0.51839,                0.08364,                 0.0001,                 0.0001,                 0.0001
                    130,                0.64894,                0.49371,                0.07663,                 0.7101,                 0.5419,                 0.5829,                0.31104,                0.63008,                0.51854,                0.08351,                 0.0001,                 0.0001,                 0.0001
                    131,                0.64935,                0.49414,                0.07719,                0.70112,                0.54592,                0.58198,                0.31009,                0.62978,                0.51894,                0.08329,                 0.0001,                 0.0001,                 0.0001
                    132,                0.64937,                0.49467,                 0.0764,                0.70117,                0.54896,                0.58396,                0.31107,                0.62957,                0.51903,                0.08331,                 0.0001,                 0.0001,                 0.0001
                    133,                 0.6461,                0.49405,                0.07692,                0.70239,                0.54726,                 0.5839,                0.31096,                0.62913,                0.51886,                0.08328,                 0.0001,                 0.0001,                 0.0001
                    134,                0.64944,                0.49404,                0.07672,                0.70602,                0.54527,                0.58352,                0.31083,                0.62875,                0.51925,                0.08325,                 0.0001,                 0.0001,                 0.0001
                    135,                0.64759,                0.49293,                0.07663,                0.70768,                 0.5474,                0.58413,                0.31145,                 0.6286,                 0.5194,                0.08329,                 0.0001,                 0.0001,                 0.0001
                    136,                0.65182,                0.49156,                0.07632,                0.71098,                0.54318,                0.58336,                0.31131,                0.62867,                0.51936,                0.08323,                 0.0001,                 0.0001,                 0.0001
                    137,                0.64811,                0.49221,                0.07646,                0.70606,                0.54652,                0.58312,                0.31115,                0.62866,                0.51966,                0.08321,                 0.0001,                 0.0001,                 0.0001
                    138,                0.64562,                0.49357,                0.07585,                0.70246,                0.54555,                0.58171,                0.31112,                 0.6286,                0.51958,                0.08307,                 0.0001,                 0.0001,                 0.0001
                    139,                0.64776,                0.49143,                0.07665,                0.70059,                0.54954,                0.58306,                0.31174,                0.62884,                0.51948,                0.08322,                 0.0001,                 0.0001,                 0.0001
                    140,                0.64584,                 0.4917,                0.07623,                0.69998,                0.54693,                0.58208,                0.31073,                0.62865,                0.51945,                0.08314,                 0.0001,                 0.0001,                 0.0001
                    141,                0.64509,                0.49134,                0.07585,                0.70189,                0.54833,                0.58294,                0.31144,                0.62852,                0.51921,                0.08309,                 0.0001,                 0.0001,                 0.0001
                    142,                0.64542,                0.49215,                0.07563,                 0.7071,                0.54689,                 0.5832,                0.31209,                0.62847,                0.51888,                0.08322,                 0.0001,                 0.0001,                 0.0001
                    143,                0.64523,                 0.4919,                0.07615,                0.69965,                0.54822,                0.58281,                0.31196,                0.62851,                0.51885,                0.08327,                 0.0001,                 0.0001,                 0.0001
                    144,                0.64467,                0.49077,                0.07616,                0.70078,                0.54951,                0.58261,                0.31186,                0.62841,                0.51892,                 0.0834,                 0.0001,                 0.0001,                 0.0001
                    145,                0.64474,                0.49237,                0.07607,                0.70222,                 0.5472,                 0.5823,                0.31208,                0.62806,                 0.5191,                0.08323,                 0.0001,                 0.0001,                 0.0001
                    146,                0.64268,                0.49175,                0.07521,                0.70289,                0.54705,                 0.5832,                0.31161,                0.62807,                0.51896,                0.08312,                 0.0001,                 0.0001,                 0.0001
                    147,                 0.6419,                0.49104,                0.07573,                0.69965,                0.54643,                 0.5822,                0.31153,                0.62725,                0.51961,                0.08304,                 0.0001,                 0.0001,                 0.0001
                    148,                0.64383,                0.48991,                0.07583,                0.70392,                0.54369,                0.58201,                 0.3122,                0.62689,                0.52026,                0.08281,                 0.0001,                 0.0001,                 0.0001
                    149,                0.64119,                0.49094,                0.07583,                0.70423,                0.54542,                0.58293,                0.31252,                0.62703,                0.52002,                0.08271,                 0.0001,                 0.0001,                 0.0001
                    150,                0.64339,                 0.4907,                0.07505,                0.71001,                0.54464,                0.58408,                 0.3134,                0.62699,                0.52002,                 0.0827,                 0.0001,                 0.0001,                 0.0001
                    151,                0.64094,                0.49027,                0.07507,                0.71236,                0.54726,                0.58497,                0.31448,                0.62655,                0.52043,                0.08256,                 0.0001,                 0.0001,                 0.0001
                    152,                0.64185,                0.49143,                0.07535,                0.71503,                0.54975,                0.58654,                0.31495,                0.62641,                0.52044,                0.08259,                 0.0001,                 0.0001,                 0.0001
                    153,                0.64156,                0.48899,                0.07507,                0.71609,                0.54784,                0.58657,                0.31483,                0.62654,                0.52044,                0.08256,                 0.0001,                 0.0001,                 0.0001
                    154,                0.63956,                0.48821,                0.07499,                0.71235,                0.54926,                0.58615,                0.31437,                0.62696,                0.51988,                0.08262,                 0.0001,                 0.0001,                 0.0001
                    155,                0.64133,                0.48963,                0.07506,                0.71283,                0.54987,                0.58733,                0.31475,                0.62673,                0.51985,                0.08268,                 0.0001,                 0.0001,                 0.0001
                    156,                0.63956,                0.48809,                0.07498,                0.70482,                0.55272,                0.58675,                0.31425,                0.62653,                0.51999,                0.08274,                 0.0001,                 0.0001,                 0.0001
                    157,                0.64038,                0.48859,                0.07509,                 0.7099,                0.54673,                0.58631,                0.31397,                0.62664,                0.52014,                 0.0829,                 0.0001,                 0.0001,                 0.0001
                    158,                0.63918,                0.48881,                0.07494,                0.71481,                  0.547,                0.58761,                0.31438,                0.62638,                0.52038,                0.08277,                 0.0001,                 0.0001,                 0.0001
                    159,                0.63957,                0.48804,                0.07488,                0.71703,                0.54465,                0.58763,                0.31459,                0.62661,                0.52007,                0.08266,                 0.0001,                 0.0001,                 0.0001
                    160,                 0.6369,                0.48861,                 0.0748,                0.71304,                0.54828,                0.58844,                0.31481,                  0.627,                0.51958,                0.08267,                 0.0001,                 0.0001,                 0.0001
                    161,                0.63887,                0.48788,                 0.0745,                0.71063,                0.54974,                0.58896,                0.31447,                0.62687,                0.51961,                0.08267,                 0.0001,                 0.0001,                 0.0001
                    162,                 0.6364,                0.48839,                0.07457,                 0.7113,                0.54746,                0.58772,                0.31412,                0.62688,                0.51981,                0.08279,                 0.0001,                 0.0001,                 0.0001
                    163,                0.63883,                0.48706,                0.07471,                0.71668,                0.54686,                0.58876,                0.31463,                0.62663,                0.52002,                0.08279,                 0.0001,                 0.0001,                 0.0001
                    164,                0.63887,                0.48719,                0.07433,                 0.7117,                0.54814,                0.58774,                0.31483,                0.62676,                0.52043,                0.08279,                 0.0001,                 0.0001,                 0.0001
                    165,                0.63537,                0.48811,                0.07449,                0.71207,                 0.5491,                0.58784,                0.31489,                0.62689,                0.52033,                0.08284,                 0.0001,                 0.0001,                 0.0001
                    166,                0.63698,                0.48737,                0.07442,                  0.711,                0.55014,                0.58845,                0.31444,                0.62669,                0.52065,                0.08289,                 0.0001,                 0.0001,                 0.0001
                    167,                0.63706,                0.48648,                0.07429,                0.71096,                0.55153,                0.59053,                0.31569,                0.62694,                0.52046,                0.08304,                 0.0001,                 0.0001,                 0.0001
                    168,                0.63638,                0.48652,                 0.0741,                0.70628,                 0.5518,                0.58989,                 0.3158,                0.62672,                0.52062,                0.08278,                 0.0001,                 0.0001,                 0.0001
                    169,                0.63543,                0.48707,                0.07409,                0.71532,                0.54704,                0.59013,                 0.3158,                 0.6267,                0.52041,                0.08269,                 0.0001,                 0.0001,                 0.0001
                    170,                0.63389,                0.48726,                0.07417,                 0.7178,                 0.5453,                0.58869,                0.31505,                0.62648,                0.51975,                0.08269,                 0.0001,                 0.0001,                 0.0001
                    171,                0.63602,                0.48553,                0.07382,                0.71176,                0.55104,                0.58935,                0.31495,                 0.6265,                0.52023,                0.08262,                 0.0001,                 0.0001,                 0.0001
                    172,                0.63356,                0.48508,                0.07347,                0.71508,                0.55104,                0.59004,                0.31543,                0.62607,                0.52069,                0.08264,                 0.0001,                 0.0001,                 0.0001
                    173,                 0.6346,                0.48556,                0.07395,                0.71855,                0.54863,                0.59037,                0.31548,                 0.6262,                0.52071,                0.08277,                 0.0001,                 0.0001,                 0.0001
                    174,                0.63459,                0.48496,                0.07404,                0.71109,                0.55475,                0.58918,                0.31497,                0.62565,                0.52139,                0.08277,                 0.0001,                 0.0001,                 0.0001
                    175,                 0.6351,                0.48539,                0.07346,                0.70821,                0.55549,                0.58968,                0.31516,                0.62586,                 0.5214,                 0.0828,                 0.0001,                 0.0001,                 0.0001
                    176,                0.63283,                0.48531,                0.07355,                0.70815,                0.55147,                0.58793,                0.31465,                0.62595,                0.52117,                0.08285,                 0.0001,                 0.0001,                 0.0001
                    177,                0.63347,                0.48422,                 0.0736,                0.71714,                0.54506,                0.58835,                0.31541,                0.62608,                0.52118,                0.08287,                 0.0001,                 0.0001,                 0.0001
                    178,                0.63447,                0.48301,                0.07368,                 0.7149,                0.54796,                0.58891,                0.31603,                0.62604,                0.52072,                0.08291,                 0.0001,                 0.0001,                 0.0001
                    179,                0.63214,                 0.4847,                0.07321,                0.70749,                0.55323,                0.58911,                0.31597,                0.62608,                0.52078,                0.08289,                 0.0001,                 0.0001,                 0.0001
                    180,                0.63249,                0.48383,                0.07359,                0.71127,                0.54781,                0.58738,                0.31495,                0.62611,                0.52098,                0.08292,                 0.0001,                 0.0001,                 0.0001
                    181,                0.63225,                0.48389,                0.07331,                0.70903,                0.54956,                0.58737,                0.31476,                0.62631,                0.52099,                0.08306,                 0.0001,                 0.0001,                 0.0001
                    182,                0.62975,                0.48427,                0.07358,                0.71265,                0.54982,                0.58754,                0.31479,                0.62591,                 0.5214,                0.08289,                 0.0001,                 0.0001,                 0.0001
                    183,                0.63202,                0.48327,                0.07318,                0.70689,                0.55207,                 0.5867,                0.31479,                0.62601,                0.52113,                0.08287,                 0.0001,                 0.0001,                 0.0001
                    184,                0.63274,                0.48338,                 0.0733,                0.71112,                0.54922,                0.58835,                0.31576,                0.62604,                0.52117,                0.08281,                 0.0001,                 0.0001,                 0.0001
                    185,                0.63078,                0.48344,                0.07324,                0.70817,                 0.5514,                0.58867,                0.31516,                0.62566,                 0.5217,                0.08289,                 0.0001,                 0.0001,                 0.0001
                    186,                0.63313,                0.48337,                0.07322,                0.70862,                0.55084,                0.58859,                0.31481,                0.62532,                 0.5223,                0.08282,                 0.0001,                 0.0001,                 0.0001
                    187,                0.63241,                0.48316,                0.07257,                0.70789,                0.55155,                0.58826,                0.31482,                0.62586,                0.52185,                  0.083,                 0.0001,                 0.0001,                 0.0001
                    188,                0.62988,                0.48312,                0.07277,                0.70969,                0.54997,                 0.5879,                0.31487,                 0.6259,                0.52154,                0.08294,                 0.0001,                 0.0001,                 0.0001
                    189,                0.63146,                0.48289,                0.07291,                0.70951,                 0.5504,                0.58722,                0.31454,                0.62561,                0.52201,                0.08288,                 0.0001,                 0.0001,                 0.0001
                    190,                0.62962,                0.48168,                0.07311,                0.70069,                0.55262,                0.58656,                0.31426,                0.62602,                0.52184,                0.08286,                 0.0001,                 0.0001,                 0.0001
                    191,                0.62899,                 0.4824,                0.07253,                0.70301,                0.55263,                0.58807,                0.31489,                0.62568,                0.52253,                0.08286,                 0.0001,                 0.0001,                 0.0001
                    192,                0.62908,                0.48191,                0.07258,                0.70978,                0.55107,                0.58772,                0.31472,                0.62608,                0.52217,                0.08292,                 0.0001,                 0.0001,                 0.0001
                    193,                0.62824,                0.48265,                0.07295,                0.71305,                0.54806,                0.58675,                0.31475,                0.62602,                0.52242,                0.08295,                 0.0001,                 0.0001,                 0.0001
                    194,                 0.6273,                0.48366,                0.07221,                0.70343,                0.55176,                0.58592,                 0.3139,                0.62604,                0.52243,                0.08291,                 0.0001,                 0.0001,                 0.0001
                    195,                0.62778,                0.48248,                0.07267,                0.70226,                0.55448,                0.58663,                0.31412,                0.62566,                0.52272,                0.08294,                 0.0001,                 0.0001,                 0.0001
                    196,                 0.6252,                0.48251,                0.07247,                  0.703,                0.55098,                0.58636,                0.31365,                 0.6255,                0.52321,                0.08277,                 0.0001,                 0.0001,                 0.0001
                    197,                0.62461,                0.48173,                0.07241,                0.70397,                0.54932,                 0.5846,                0.31324,                0.62559,                0.52329,                0.08293,                 0.0001,                 0.0001,                 0.0001
                    198,                0.62875,                0.48039,                 0.0725,                0.70163,                0.55256,                0.58537,                0.31343,                0.62566,                0.52303,                0.08282,                 0.0001,                 0.0001,                 0.0001
                    199,                0.62595,                0.48097,                0.07233,                0.70475,                0.55261,                0.58565,                0.31335,                0.62556,                0.52351,                 0.0828,                 0.0001,                 0.0001,                 0.0001
                    200,                0.62554,                0.48144,                0.07228,                0.70467,                0.55299,                0.58507,                0.31288,                0.62543,                0.52356,                0.08284,                 0.0001,                 0.0001,                 0.0001
                    201,                0.62495,                0.48109,                0.07199,                 0.7063,                0.55185,                0.58685,                0.31366,                0.62524,                0.52377,                0.08277,                 0.0001,                 0.0001,                 0.0001
                    202,                0.62662,                0.48044,                0.07209,                0.70644,                 0.5504,                0.58723,                0.31374,                0.62532,                0.52363,                0.08292,                 0.0001,                 0.0001,                 0.0001
                    203,                0.62542,                0.48086,                0.07201,                 0.7152,                0.54745,                0.58617,                0.31332,                0.62516,                0.52361,                 0.0829,                 0.0001,                 0.0001,                 0.0001
                    204,                0.62468,                0.48054,                0.07177,                 0.7095,                0.55128,                0.58726,                 0.3136,                0.62542,                 0.5234,                0.08302,                 0.0001,                 0.0001,                 0.0001
                    205,                0.62241,                0.48075,                 0.0724,                0.71632,                0.54822,                0.58716,                0.31382,                0.62554,                0.52371,                0.08301,                 0.0001,                 0.0001,                 0.0001
                    206,                0.62361,                0.47966,                0.07209,                0.71314,                0.54741,                0.58569,                0.31279,                0.62578,                0.52338,                0.08304,                 0.0001,                 0.0001,                 0.0001
                    207,                0.62378,                0.48066,                0.07185,                0.71682,                0.54164,                  0.585,                 0.3125,                0.62591,                0.52382,                0.08301,                 0.0001,                 0.0001,                 0.0001
                    208,                0.62431,                0.47915,                0.07154,                0.70894,                0.54872,                0.58489,                0.31242,                 0.6258,                0.52435,                0.08293,                 0.0001,                 0.0001,                 0.0001
                    209,                0.62137,                0.47973,                0.07152,                0.71692,                0.54519,                0.58444,                0.31305,                0.62607,                 0.5244,                0.08299,                 0.0001,                 0.0001,                 0.0001
                    210,                0.62502,                0.47902,                0.07157,                0.70811,                 0.5486,                0.58476,                 0.3131,                0.62585,                0.52454,                0.08314,                 0.0001,                 0.0001,                 0.0001
                    211,                0.62593,                0.47929,                0.07126,                0.70913,                0.54827,                 0.5843,                 0.3128,                0.62602,                0.52462,                0.08325,                 0.0001,                 0.0001,                 0.0001
                    212,                 0.6226,                0.47909,                0.07182,                0.70757,                0.55019,                0.58505,                0.31313,                0.62552,                0.52482,                0.08321,                 0.0001,                 0.0001,                 0.0001
                    213,                0.62401,                0.47803,                0.07129,                0.70737,                0.55064,                0.58543,                0.31306,                0.62567,                0.52509,                0.08333,                 0.0001,                 0.0001,                 0.0001
                    214,                0.62183,                0.47896,                 0.0712,                0.70389,                0.55376,                0.58547,                 0.3132,                0.62567,                0.52517,                0.08331,                 0.0001,                 0.0001,                 0.0001
                    215,                0.62142,                 0.4786,                 0.0715,                0.70568,                0.55014,                0.58504,                0.31281,                 0.6256,                0.52555,                0.08345,                 0.0001,                 0.0001,                 0.0001
                    216,                0.62091,                0.47831,                  0.071,                0.70631,                0.55075,                0.58557,                  0.313,                0.62574,                0.52551,                 0.0835,                 0.0001,                 0.0001,                 0.0001
                    217,                0.62049,                0.47865,                0.07107,                 0.7047,                0.54979,                0.58581,                0.31359,                0.62628,                0.52511,                0.08353,                 0.0001,                 0.0001,                 0.0001
                    218,                0.61993,                0.47894,                 0.0711,                0.70277,                0.55113,                0.58614,                0.31409,                0.62601,                0.52479,                0.08347,                 0.0001,                 0.0001,                 0.0001
                    219,                0.62068,                0.47839,                 0.0711,                0.69759,                0.55437,                0.58619,                0.31351,                0.62639,                0.52408,                0.08367,                 0.0001,                 0.0001,                 0.0001
                    220,                 0.6191,                0.47825,                0.07116,                0.69751,                0.55665,                 0.5871,                0.31426,                0.62597,                 0.5243,                0.08346,                 0.0001,                 0.0001,                 0.0001
                    221,                0.62069,                0.47692,                0.07114,                0.69282,                0.55842,                 0.5871,                0.31373,                0.62604,                0.52454,                0.08329,                 0.0001,                 0.0001,                 0.0001
                    222,                0.62007,                0.47843,                0.07098,                 0.6958,                0.55541,                0.58579,                0.31292,                0.62621,                0.52486,                0.08325,                 0.0001,                 0.0001,                 0.0001
                    223,                 0.6175,                0.47673,                0.07091,                0.69836,                0.55661,                0.58587,                0.31272,                0.62664,                0.52465,                0.08332,                 0.0001,                 0.0001,                 0.0001
                    224,                0.61721,                0.47868,                0.07089,                0.69656,                0.55666,                0.58584,                0.31269,                0.62724,                0.52424,                0.08345,                 0.0001,                 0.0001,                 0.0001
                    225,                0.61819,                0.47818,                0.07089,                0.69778,                0.55543,                0.58592,                0.31232,                0.62728,                0.52453,                0.08337,                 0.0001,                 0.0001,                 0.0001
                    226,                0.61981,                0.47594,                0.07077,                 0.7001,                0.55527,                0.58473,                0.31166,                0.62712,                0.52488,                0.08324,                 0.0001,                 0.0001,                 0.0001
                    227,                0.61857,                0.47694,                 0.0706,                0.70742,                 0.5519,                0.58499,                0.31246,                0.62702,                0.52497,                0.08313,                 0.0001,                 0.0001,                 0.0001
                    228,                0.61858,                0.47662,                 0.0705,                0.70072,                0.55294,                0.58382,                 0.3119,                0.62691,                0.52491,                0.08322,                 0.0001,                 0.0001,                 0.0001
                    229,                0.61774,                0.47753,                0.07097,                0.70319,                0.55192,                0.58373,                0.31199,                0.62683,                0.52477,                0.08329,                 0.0001,                 0.0001,                 0.0001
                    230,                0.61867,                0.47562,                0.07013,                0.69825,                0.55283,                0.58283,                0.31179,                0.62703,                0.52464,                0.08336,                 0.0001,                 0.0001,                 0.0001
                    231,                0.61715,                0.47672,                0.07061,                0.69319,                0.55539,                0.58142,                0.31135,                0.62695,                0.52526,                0.08345,                 0.0001,                 0.0001,                 0.0001
                    232,                0.61579,                0.47596,                0.07037,                0.70128,                0.55094,                0.58222,                0.31125,                0.62717,                0.52487,                0.08365,                 0.0001,                 0.0001,                 0.0001
                    233,                0.61698,                0.47562,                0.07017,                 0.6996,                0.54815,                0.58173,                0.31061,                0.62744,                0.52506,                0.08369,                 0.0001,                 0.0001,                 0.0001
                    234,                0.61569,                0.47669,                0.07013,                0.69811,                 0.5518,                 0.5829,                0.31148,                0.62728,                0.52554,                 0.0836,                 0.0001,                 0.0001,                 0.0001
                    235,                0.61557,                0.47603,                0.07021,                0.70016,                0.55536,                0.58339,                0.31148,                0.62753,                0.52522,                0.08366,                 0.0001,                 0.0001,                 0.0001
                    236,                0.61613,                0.47578,                0.07028,                0.69692,                0.55662,                0.58235,                0.31036,                0.62771,                0.52543,                0.08356,                 0.0001,                 0.0001,                 0.0001
                    237,                 0.6162,                0.47533,                0.07032,                0.70044,                0.55593,                0.58292,                0.31112,                 0.6276,                0.52568,                0.08355,                 0.0001,                 0.0001,                 0.0001
                    238,                0.61478,                0.47535,                0.06994,                0.69483,                0.55776,                0.58399,                0.31132,                0.62717,                0.52642,                0.08335,                 0.0001,                 0.0001,                 0.0001
                    239,                0.61538,                0.47545,                0.07014,                0.69717,                0.55671,                0.58325,                0.31128,                0.62709,                0.52608,                 0.0832,                 0.0001,                 0.0001,                 0.0001
                    240,                0.61306,                0.47573,                0.06987,                0.70053,                0.55451,                0.58392,                0.31181,                0.62706,                0.52601,                0.08308,                 0.0001,                 0.0001,                 0.0001
                    241,                0.61223,                0.47587,                0.06979,                0.70851,                0.55379,                0.58579,                 0.3128,                 0.6268,                0.52605,                0.08291,                 0.0001,                 0.0001,                 0.0001
                    242,                0.61369,                0.47449,                0.07021,                 0.7044,                0.55252,                0.58486,                0.31286,                0.62695,                0.52627,                0.08303,                 0.0001,                 0.0001,                 0.0001
                    243,                0.61454,                 0.4753,                0.06991,                0.70413,                0.55128,                0.58336,                0.31211,                 0.6271,                0.52638,                0.08305,                 0.0001,                 0.0001,                 0.0001
                    244,                0.61351,                0.47442,                0.06981,                0.69913,                0.55433,                0.58312,                0.31257,                 0.6273,                0.52632,                0.08315,                 0.0001,                 0.0001,                 0.0001
                    245,                  0.615,                0.47458,                0.07014,                0.70034,                0.55337,                0.58226,                 0.3121,                0.62747,                0.52588,                0.08315,                 0.0001,                 0.0001,                 0.0001
                    246,                0.61362,                 0.4732,                0.06971,                0.70764,                 0.5514,                0.58279,                0.31228,                0.62775,                0.52567,                0.08328,                 0.0001,                 0.0001,                 0.0001
                    247,                0.61408,                0.47347,                0.06964,                0.71357,                0.54536,                0.58224,                0.31191,                0.62818,                0.52524,                0.08334,                 0.0001,                 0.0001,                 0.0001
                    248,                0.61178,                0.47389,                0.06938,                 0.7076,                0.55481,                0.58423,                0.31261,                0.62815,                0.52565,                0.08337,                 0.0001,                 0.0001,                 0.0001
                    249,                0.61226,                0.47345,                0.06924,                0.70286,                0.55675,                0.58377,                0.31177,                0.62856,                0.52567,                0.08349,                 0.0001,                 0.0001,                 0.0001
                    250,                0.61366,                0.47344,                0.06949,                0.71063,                0.55003,                0.58294,                0.31149,                0.62843,                0.52603,                0.08363,                 0.0001,                 0.0001,                 0.0001
                    251,                0.61304,                0.47283,                0.07003,                0.70763,                0.55284,                0.58297,                0.31175,                0.62845,                0.52645,                0.08365,                 0.0001,                 0.0001,                 0.0001
                    252,                0.61296,                0.47261,                0.06991,                0.70914,                0.55351,                0.58303,                0.31226,                0.62878,                0.52675,                0.08366,                 0.0001,                 0.0001,                 0.0001
                    253,                0.61132,                 0.4732,                0.06921,                0.71504,                  0.552,                0.58282,                 0.3116,                0.62894,                0.52613,                0.08373,                 0.0001,                 0.0001,                 0.0001
                    254,                0.60888,                0.47275,                0.06984,                0.70835,                0.55335,                0.58318,                0.31177,                0.62897,                0.52625,                0.08375,                 0.0001,                 0.0001,                 0.0001
                    255,                  0.611,                0.47187,                0.06932,                 0.7067,                  0.551,                 0.5818,                0.31128,                0.62912,                0.52641,                0.08369,                 0.0001,                 0.0001,                 0.0001
                    256,                0.60996,                 0.4728,                 0.0694,                0.70079,                0.55447,                0.58206,                0.31137,                0.62939,                0.52632,                0.08374,                 0.0001,                 0.0001,                 0.0001
                    257,                0.60837,                0.47349,                0.06967,                0.69689,                0.55285,                0.58242,                0.31143,                0.62922,                0.52628,                0.08391,                 0.0001,                 0.0001,                 0.0001
                    258,                0.60726,                0.47331,                0.06896,                0.69593,                0.55472,                0.58253,                0.31166,                0.62876,                0.52708,                0.08371,                 0.0001,                 0.0001,                 0.0001
                    259,                0.60969,                0.47165,                0.06957,                0.69773,                0.55488,                0.58251,                0.31135,                0.62904,                0.52716,                0.08374,                 0.0001,                 0.0001,                 0.0001
                    260,                0.60714,                0.47307,                0.06872,                0.70458,                0.55014,                0.58038,                0.31088,                0.62911,                0.52766,                0.08362,                 0.0001,                 0.0001,                 0.0001
                    261,                0.60771,                0.47197,                0.06915,                0.70362,                0.55295,                 0.5802,                0.31122,                0.62904,                0.52802,                0.08352,                 0.0001,                 0.0001,                 0.0001
                    262,                0.61117,                0.47092,                0.06897,                0.70067,                0.55316,                0.58048,                0.31129,                0.62913,                 0.5278,                 0.0837,                 0.0001,                 0.0001,                 0.0001
                    263,                0.60906,                  0.471,                 0.0687,                0.70469,                0.55249,                0.58023,                0.31124,                0.62939,                0.52787,                0.08381,                 0.0001,                 0.0001,                 0.0001
                    264,                0.60707,                0.47193,                0.06859,                0.70577,                0.55008,                0.58036,                0.31123,                0.62959,                 0.5274,                0.08392,                 0.0001,                 0.0001,                 0.0001
                    265,                0.60708,                0.47146,                0.06889,                0.71261,                 0.5476,                 0.5823,                0.31247,                0.62934,                0.52798,                0.08394,                 0.0001,                 0.0001,                 0.0001
                    266,                0.60793,                0.47064,                0.06876,                0.71489,                 0.5492,                0.58311,                0.31248,                0.62965,                0.52837,                 0.0839,                 0.0001,                 0.0001,                 0.0001
                    267,                0.60753,                0.47227,                0.06855,                0.72221,                0.54546,                0.58398,                0.31259,                0.62964,                0.52835,                0.08391,                 0.0001,                 0.0001,                 0.0001
                    268,                0.60584,                0.47093,                0.06856,                0.71767,                0.54758,                0.58382,                0.31184,                0.62964,                0.52845,                  0.084,                 0.0001,                 0.0001,                 0.0001
                    269,                0.60669,                0.47071,                0.06852,                 0.7089,                0.55078,                0.58296,                0.31153,                0.62977,                0.52833,                 0.0841,                 0.0001,                 0.0001,                 0.0001
                    270,                0.60735,                0.47061,                0.06841,                0.71168,                0.54869,                0.58327,                0.31198,                 0.6298,                0.52836,                0.08392,                 0.0001,                 0.0001,                 0.0001
                    271,                0.60709,                0.47108,                0.06822,                0.70758,                0.55214,                0.58348,                  0.312,                0.62961,                0.52864,                0.08387,                 0.0001,                 0.0001,                 0.0001
                    272,                0.60603,                0.47078,                0.06849,                0.71364,                0.55016,                0.58275,                0.31228,                0.63004,                0.52781,                0.08411,                 0.0001,                 0.0001,                 0.0001
                    273,                0.60511,                0.47035,                0.06877,                0.70858,                0.55333,                0.58274,                0.31234,                0.63009,                0.52806,                0.08409,                 0.0001,                 0.0001,                 0.0001
                    274,                0.60756,                0.47079,                0.06834,                0.71153,                0.55342,                0.58194,                0.31188,                0.62982,                0.52824,                0.08407,                 0.0001,                 0.0001,                 0.0001
                    275,                0.60426,                0.47028,                0.06863,                0.71443,                 0.5501,                0.58114,                0.31143,                0.62987,                0.52842,                0.08401,                 0.0001,                 0.0001,                 0.0001
                    276,                0.60423,                0.46997,                0.06803,                0.70648,                0.55596,                0.58119,                0.31156,                0.62979,                0.52868,                0.08385,                 0.0001,                 0.0001,                 0.0001
                    277,                0.60531,                0.46819,                0.06814,                0.70747,                0.55135,                0.58059,                0.31146,                0.62927,                0.52941,                0.08374,                 0.0001,                 0.0001,                 0.0001
                    278,                0.60647,                0.47047,                0.06803,                0.70719,                0.55237,                0.58058,                0.31159,                0.62962,                0.52938,                0.08395,                 0.0001,                 0.0001,                 0.0001
                    279,                0.60328,                0.46976,                0.06827,                0.70284,                0.55183,                0.57941,                0.31088,                0.62969,                0.52908,                0.08405,                 0.0001,                 0.0001,                 0.0001
                    280,                0.60273,                0.47007,                0.06808,                0.70213,                0.55292,                0.57953,                 0.3107,                0.62972,                0.52908,                0.08418,                 0.0001,                 0.0001,                 0.0001
                    281,                0.60384,                0.46827,                0.06858,                0.70176,                0.55463,                0.58061,                0.31077,                0.63012,                0.52897,                0.08421,                 0.0001,                 0.0001,                 0.0001
                    282,                  0.605,                0.46798,                0.06793,                0.70333,                0.55435,                0.57978,                0.31026,                   0.63,                0.52952,                0.08416,                 0.0001,                 0.0001,                 0.0001
                    283,                0.60445,                0.46859,                 0.0678,                0.70504,                0.55117,                0.58067,                0.31061,                   0.63,                0.52967,                 0.0843,                 0.0001,                 0.0001,                 0.0001
                    284,                0.60222,                0.46942,                0.06789,                0.70814,                0.55007,                0.58142,                0.31096,                 0.6299,                0.53002,                0.08428,                 0.0001,                 0.0001,                 0.0001
                    285,                 0.6031,                0.46851,                0.06794,                0.70414,                0.55218,                0.58097,                0.31071,                0.62954,                0.53073,                0.08426,                 0.0001,                 0.0001,                 0.0001
                    286,                0.60244,                0.46774,                 0.0676,                0.70589,                0.55281,                0.58123,                0.31058,                0.62937,                 0.5309,                0.08408,                 0.0001,                 0.0001,                 0.0001
                    287,                0.60282,                0.46892,                0.06757,                0.70576,                0.55367,                0.58277,                0.31122,                0.62949,                0.53085,                0.08403,                 0.0001,                 0.0001,                 0.0001
                    288,                0.60311,                0.46809,                 0.0679,                0.70767,                0.55383,                0.58322,                0.31142,                0.62989,                0.53072,                0.08423,                 0.0001,                 0.0001,                 0.0001
                    289,                0.60068,                0.46816,                0.06727,                0.71039,                0.55192,                0.58243,                0.31128,                0.62981,                0.53092,                0.08425,                 0.0001,                 0.0001,                 0.0001
                    290,                0.59909,                0.46778,                0.06748,                 0.7061,                0.55316,                0.58266,                0.31136,                0.62978,                0.53114,                0.08421,                 0.0001,                 0.0001,                 0.0001
                    291,                 0.6023,                0.46822,                0.06752,                0.70029,                0.55639,                0.58328,                0.31183,                0.62956,                0.53162,                0.08415,                 0.0001,                 0.0001,                 0.0001
                    292,                0.59895,                0.46855,                0.06753,                0.70223,                0.55599,                 0.5838,                0.31176,                0.62948,                0.53186,                0.08401,                 0.0001,                 0.0001,                 0.0001
                    293,                0.59987,                0.46831,                0.06733,                 0.7094,                 0.5511,                0.58185,                0.31043,                0.63005,                0.53163,                0.08416,                 0.0001,                 0.0001,                 0.0001
                    294,                0.59947,                0.46773,                 0.0674,                0.70997,                 0.5501,                 0.5816,                0.31028,                   0.63,                 0.5315,                0.08417,                 0.0001,                 0.0001,                 0.0001
                    295,                0.60036,                0.46757,                0.06751,                0.70852,                0.55292,                0.58225,                0.31016,                0.62998,                0.53098,                0.08418,                 0.0001,                 0.0001,                 0.0001
                    296,                0.60023,                0.46731,                0.06712,                0.71481,                0.55098,                0.58238,                0.31066,                0.62968,                0.53098,                0.08416,                 0.0001,                 0.0001,                 0.0001
                    297,                 0.5988,                0.46678,                0.06714,                 0.7131,                0.54884,                  0.581,                0.31002,                0.62986,                0.53124,                0.08414,                 0.0001,                 0.0001,                 0.0001
                    298,                  0.601,                0.46571,                 0.0671,                0.70696,                 0.5542,                0.58121,                0.31033,                0.62974,                0.53164,                0.08408,                 0.0001,                 0.0001,                 0.0001
                    299,                0.60074,                 0.4658,                0.06678,                0.71557,                0.55075,                 0.5827,                0.31112,                0.63006,                0.53139,                0.08424,                 0.0001,                 0.0001,                 0.0001
                    300,                0.59737,                0.46662,                0.06723,                0.71082,                0.55464,                0.58412,                0.31152,                0.63029,                 0.5311,                0.08427,                 0.0001,                 0.0001,                 0.0001
